word,gt_end_s,audio_time_at_commit_s,model_processing_ms,total_output_time_s,latency_ms
he,0.62,0.79875,32.56161999888718,0.8313116199988871,211.31161999888715
hoped,1.01,1.11825,20.336657064035535,1.1385866570640355,128.58665706403548
there,1.13,1.43775,20.84109792485833,1.4585910979248584,328.5910979248585
would,1.31,1.43775,20.84109792485833,1.4585910979248584,148.59109792485836
be,1.44,1.5975,20.520000951364636,1.6180200009513646,178.0200009513646
stew,1.83,2.07675,23.423003032803535,2.1001730030328036,270.17300303280354
for,1.99,2.2365,21.995417773723602,2.2584954177737235,268.49541777372355
dinner,2.36,2.39625,20.120016997680068,2.4163700169976803,56.37001699768041
turnips,3.07,3.35475,20.210569025948644,3.3749605690259488,304.9605690259489
and,3.24,3.35475,20.210569025948644,3.3749605690259488,134.96056902594856
carrots,3.77,3.99375,19.6893191896379,4.013439319189638,243.43931918963824
and,3.98,4.1535,19.064564956352115,4.172564564956352,192.5645649563523
bruised,4.38,4.473,23.777086986228824,4.496777086986229,116.7770869862288
potatoes,5.05,5.112,21.160694072023034,5.133160694072023,83.16069407202332
and,5.23,5.27175,21.17835683748126,5.292928356837481,62.92835683748077
fat,5.6,5.751,20.267426036298275,5.771267426036299,171.26742603629896
mutton,6.02,6.23025,19.14477488026023,6.24939477488026,229.3947748802605
pieces,6.51,6.54975,19.89857596345246,6.569648575963453,59.64857596345308
to,6.63,6.86925,20.414315164089203,6.889664315164089,259.6643151640894
be,6.8,6.86925,20.414315164089203,6.889664315164089,89.66431516408946
ladled,7.25,7.3485,21.707437001168728,7.370207437001168,120.20743700116832
out,7.57,7.668,19.161549163982272,7.687161549163982,117.16154916398213
in,7.68,7.9875,19.54736397601664,8.007047363976017,327.04736397601766
thick,8.15,8.14725,20.051463041454554,8.167301463041454,17.301463041453857
peppered,8.64,8.78625,21.49302512407303,8.807743025124074,167.74302512407326
sauce,10.12,10.224,20.875936839729548,10.24487593683973,124.87593683973053
stuff,0.78,1.11825,23.64423987455666,1.1418942398745566,361.8942398745566
it,0.87,1.11825,23.64423987455666,1.1418942398745566,271.8942398745566
into,1.16,1.278,23.638861952349544,1.3016388619523496,141.63886195234966
you,1.4,1.5975,19.227723823860288,1.6167277238238602,216.7277238238603
his,1.76,1.917,19.0001898445189,1.936000189844519,176.00018984451893
belly,2.12,2.39625,19.000717904418707,2.415250717904419,295.2507179044188
counselled,2.64,2.8755,19.37349489890039,2.8948734948989006,254.87349489890045
him,2.86,3.03525,19.012012984603643,3.0542620129846036,194.26201298460376
after,0.73,0.79875,24.15686403401196,0.8229068640340119,92.90686403401193
early,1.04,1.278,24.572565918788314,1.3025725659187883,262.5725659187883
the,1.9,2.07675,19.49056307785213,2.0962405630778522,196.2405630778523
yellow,2.16,2.39625,19.40676011145115,2.4156567601114514,255.6567601114512
lamps,2.59,2.71575,20.27026005089283,2.7360202600508927,146.02026005089286
would,2.76,2.8755,19.47274897247553,2.8949727489724757,134.9727489724759
light,3.07,3.195,19.305964931845665,3.2143059649318455,144.30596493184566
up,3.27,3.35475,19.418060081079602,3.3741680600810797,104.1680600810797
here,3.52,3.67425,19.522842951118946,3.6937728429511187,173.77284295111872
and,3.66,3.834,19.29833204485476,3.853298332044855,193.2983320448547
there,4.09,3.99375,19.636353943496943,4.013386353943497,-76.61364605650256
the,4.21,4.473,19.537131069228053,4.492537131069228,282.53713106922794
squalid,4.78,4.95225,24.960695998743176,4.977210695998743,197.21069599874318
quarter,5.31,5.59125,21.936293924227357,5.613186293924227,303.18629392422736
of,5.42,5.59125,21.936293924227357,5.613186293924227,193.18629392422704
the,5.5,5.59125,21.936293924227357,5.613186293924227,113.18629392422696
bertie,1.28,1.43775,21.59416489303112,1.4593441648930312,179.34416489303118
any,1.46,1.75725,22.136877989396453,1.7793868779893964,319.38687798939645
good,1.77,1.917,21.5102129150182,1.9385102129150182,168.51021291501823
in,1.85,2.2365,21.873064804822206,2.258373064804822,408.37306480482204
your,1.99,2.2365,21.873064804822206,2.258373064804822,268.37306480482215
mind,2.48,2.39625,21.107369102537632,2.417357369102538,-62.64263089746214
number,0.65,1.278,24.86470201984048,1.3028647020198405,652.8647020198405
ten,1.24,1.278,24.86470201984048,1.3028647020198405,62.864702019840514
fresh,1.93,2.556,20.404885057359934,2.57640488505736,646.40488505736
is,2.55,2.8755,19.282494904473424,2.8947824949044736,344.78249490447377
waiting,2.9,3.03525,20.341649185866117,3.055591649185866,155.5916491858662
on,3.1,3.195,19.475172040984035,3.214475172040984,114.47517204098378
you,3.4,3.5145,20.505536114796996,3.535005536114797,135.00553611479705
night,4.49,4.63275,20.275737158954144,4.653025737158954,163.02573715895363
husband,5.07,4.95225,20.754518918693066,4.973004518918693,-96.99548108130696
the,0.51,0.79875,25.52792802453041,0.8242779280245304,314.27792802453035
music,0.92,0.9585,27.08278805948794,0.985582788059488,65.58278805948791
came,1.17,1.278,23.511877981945872,1.301511877981946,131.51187798194596
and,1.88,2.07675,20.772848976776004,2.097522848976776,217.5228489767762
he,2.0,2.07675,20.772848976776004,2.097522848976776,97.5228489767761
recalled,2.53,2.556,21.602916065603495,2.5776029160656035,47.602916065603736
the,2.63,2.8755,19.72407498396933,2.8952240749839695,265.2240749839696
words,3.21,3.195,20.507650915533304,3.215507650915533,5.50765091553318
the,3.68,3.834,20.358170848339796,3.85435817084834,174.3581708483397
words,4.09,4.1535,23.128714878112078,4.176628714878112,86.62871487811242
of,4.18,4.31325,21.01814281195402,4.334268142811954,154.26814281195433
shelley's,4.74,4.95225,22.14854396879673,4.974398543968797,234.3985439687968
fragment,5.28,5.59125,20.761308958753943,5.6120113089587536,332.0113089587533
upon,5.56,5.59125,20.761308958753943,5.6120113089587536,52.01130895875394
the,5.65,5.91075,20.34855494275689,5.931098554942757,281.0985549427567
moon,6.11,6.0705,20.719096064567566,6.091219096064568,-18.780903935432747
wandering,6.68,6.7095,22.991697071120143,6.73249169707112,52.49169707112067
companionless,7.57,7.668,19.754411885514855,7.687754411885515,117.75441188551471
pale,8.33,8.46675,20.884163910523057,8.487634163910522,157.63416391052232
for,8.53,8.6265,19.800897920504212,8.646300897920504,116.30089792050491
weariness,9.26,9.2655,19.88632115535438,9.285386321155354,25.386321155353997
the,0.66,0.79875,23.711042944341898,0.8224610429443419,162.46104294434184
dull,0.95,1.278,24.12304002791643,1.3021230400279165,352.1230400279165
light,1.41,1.43775,22.988301003351808,1.460738301003352,50.73830100335197
fell,1.71,1.917,20.28340194374323,1.9372834019437433,227.2834019437433
more,1.94,2.07675,18.873966997489333,2.0956239669974894,155.62396699748948
faintly,2.46,2.556,20.507180131971836,2.576507180131972,116.50718013197192
upon,2.76,2.8755,21.488975966349244,2.8969889759663494,136.9889759663496
the,2.84,3.03525,20.470483927056193,3.055720483927056,215.72048392705634
page,3.4,3.5145,21.526487777009606,3.5360264877770096,136.02648777700966
another,4.22,4.1535,19.99684702605009,4.17349684702605,-46.50315297394947
equation,4.85,5.27175,21.81665599346161,5.2935666559934615,443.5666559934619
began,5.29,5.27175,21.81665599346161,5.2935666559934615,3.5666559934615094
to,5.48,5.59125,20.490413065999746,5.611740413065999,131.74041306599892
unfold,6.01,6.0705,20.91125794686377,6.091411257946864,81.411257946864
itself,6.51,6.54975,22.504118038341403,6.572254118038342,62.25411803834202
slowly,7.1,7.029,19.66817700304091,7.048668177003041,-51.33182299695882
and,7.72,7.9875,20.304800011217594,8.007804800011218,287.80480001121856
to,7.82,7.9875,20.304800011217594,8.007804800011218,187.80480001121802
spread,8.24,8.307,20.35295101813972,8.32735295101814,87.35295101813989
abroad,8.79,8.78625,25.02226992510259,8.811272269925103,21.272269925104226
its,8.97,9.10575,20.797858014702797,9.126547858014703,156.54785801470263
widening,9.56,9.585,21.621107822284102,9.606621107822285,46.62110782228446
a,0.63,0.9585,23.476135917007923,0.9819761359170079,351.9761359170079
cold,1.16,1.278,45.109422178938985,1.323109422178939,163.1094221789391
lucid,1.81,2.39625,21.563690854236484,2.4178136908542367,607.8136908542366
indifference,2.62,2.71575,19.170352956280112,2.73492035295628,114.92035295627988
reigned,3.14,3.35475,20.9807010833174,3.3757307010833175,235.7307010833174
in,3.24,3.5145,19.835755927488208,3.534335755927488,294.335755927488
his,3.42,3.5145,19.835755927488208,3.534335755927488,114.33575592748824
soul,3.9,3.99375,18.849984975531697,4.012599984975532,112.59998497553214
the,0.63,1.11825,23.132311878725886,1.1413823118787259,511.38231187872583
chaos,1.22,1.43775,22.883539088070393,1.4606335390880705,240.6335390880705
in,1.35,1.5975,19.76226596161723,1.6172622659616172,267.26226596161706
which,1.56,1.5975,19.76226596161723,1.6172622659616172,57.262265961617096
his,1.76,1.75725,18.958484986796975,1.776208484986797,16.208484986796947
ardour,2.24,2.39625,19.239705987274647,2.415489705987275,175.48970598727465
extinguished,2.96,3.03525,19.08909995108843,3.0543390999510884,94.33909995108847
itself,3.41,3.35475,20.500020822510123,3.3752500208225102,-34.7499791774899
was,3.62,3.67425,20.18575998954475,3.6944357599895445,74.43575998954444
a,3.71,3.99375,20.101628033444285,4.013851628033445,303.8516280334447
cold,4.41,4.473,21.295917918905616,4.4942959179189055,84.29591791890533
indifferent,5.11,5.27175,20.508514950051904,5.292258514950052,182.2585149500515
knowledge,5.79,5.751,20.012766122817993,5.771012766122818,-18.98723387718171
of,5.88,6.0705,18.935211934149265,6.089435211934149,209.43521193414938
himself,6.48,6.39,19.217091146856546,6.409217091146856,-70.78290885314419
at,0.62,0.79875,23.610454984009266,0.8223604549840092,202.36045498400924
most,1.07,1.11825,23.24967598542571,1.1414996759854257,71.49967598542561
by,1.64,1.917,19.98724089935422,1.9369872408993543,296.98724089935433
an,1.79,1.917,19.98724089935422,1.9369872408993543,146.98724089935422
alms,2.22,2.39625,19.906144123524427,2.4161561441235246,196.15614412352446
given,2.53,2.556,20.85176110267639,2.5768517611026764,46.85176110267663
to,2.73,2.71575,19.552645971998572,2.7353026459719985,5.302645971998476
a,2.79,3.35475,21.600326988846064,3.376350326988846,586.3503269888462
beggar,3.34,3.35475,21.600326988846064,3.376350326988846,36.35032698884633
whose,3.59,3.67425,20.29115683399141,3.694541156833991,104.54115683399135
blessing,4.0,4.1535,19.420205149799585,4.1729202051498,172.92020514979978
he,4.17,4.31325,19.84277507290244,4.3330927750729025,163.09277507290255
fled,4.47,4.63275,22.25957904011011,4.65500957904011,185.00957904011005
from,4.81,4.7925,20.425711991265416,4.812925711991266,2.9257119912662333
he,5.47,5.59125,20.138364983722568,5.611388364983722,141.38836498372243
might,5.74,5.751,20.17269190400839,5.771172691904009,31.17269190400851
hope,6.1,6.23025,19.050019094720483,6.24930001909472,149.30001909472068
wearily,6.63,6.7095,19.132487010210752,6.728632487010211,98.6324870102111
to,6.78,6.86925,18.773042131215334,6.888023042131215,108.02304213121516
win,7.05,7.3485,21.000334061682224,7.369500334061682,319.500334061682
for,7.22,7.3485,21.000334061682224,7.369500334061682,149.50033406168205
himself,7.75,7.668,19.614392891526222,7.687614392891526,-62.38560710847363
some,8.37,8.46675,19.04631615616381,8.485796316156163,115.79631615616393
measure,8.78,8.946,18.838435877114534,8.964838435877114,184.8384358771149
of,8.92,9.10575,19.012485165148973,9.12476248516515,204.76248516514949
actual,9.5,9.585,18.949439050629735,9.60394943905063,103.94943905063059
grace,10.07,10.06425,18.924857955425978,10.083174857955425,13.174857955425168
well,0.71,1.11825,24.663723073899746,1.1429137230738997,432.91372307389975
now,0.97,1.11825,24.663723073899746,1.1429137230738997,172.91372307389975
i,1.59,1.917,19.42854095250368,1.9364285409525037,346.4285409525036
declare,2.11,2.2365,20.170368952676654,2.2566703689526766,146.6703689526767
you,2.24,2.39625,20.208891946822405,2.4164588919468226,176.4588919468224
have,2.43,2.556,19.866436021402478,2.5758664360214025,145.86643602140236
a,2.52,2.71575,19.702927907928824,2.7354529279079287,215.45292790792868
head,2.93,3.03525,19.391051027923822,3.054641051027924,124.64105102792367
and,3.15,3.195,19.650688162073493,3.2146506881620733,64.65068816207342
so,3.36,3.5145,20.596076035872102,3.535096076035872,175.0960760358722
has,3.58,3.67425,21.28586987964809,3.695535869879648,115.5358698796478
my,3.78,3.834,20.999946165829897,3.85499994616583,74.99994616583017
stick,4.21,4.31325,23.512057028710842,4.336762057028711,126.7620570287109
on,0.7,1.11825,23.66533293388784,1.1419153329338878,441.91533293388784
saturday,1.14,1.278,26.452105958014727,1.3044521059580148,164.45210595801484
when,1.9,2.07675,19.02106706984341,2.0957710670698435,195.77106706984358
the,1.99,2.2365,18.93780496902764,2.2554378049690276,265.4378049690276
sodality,2.63,2.8755,18.844374921172857,2.894344374921173,264.34437492117314
met,2.98,3.195,20.462451968342066,3.215462451968342,235.46245196834192
in,3.06,3.195,20.462451968342066,3.215462451968342,155.46245196834184
the,3.15,3.35475,20.05614689551294,3.374806146895513,224.80614689551314
chapel,3.66,3.67425,22.557222982868552,3.6968072229828683,36.807222982868204
to,3.84,3.99375,20.29721299186349,4.014047212991864,174.047212991864
recite,4.28,4.31325,21.296615013852715,4.334546615013853,54.546615013852495
the,4.37,4.63275,21.298428997397423,4.654048428997397,284.048428997397
little,4.62,4.63275,21.298428997397423,4.654048428997397,34.04842899739702
office,5.1,5.112,19.33491602540016,5.1313349160254,31.334916025400616
his,5.71,5.751,23.547824937850237,5.774547824937851,64.5478249378506
place,6.13,6.0705,19.478881964460015,6.08997888196446,-40.02111803553987
was,6.3,6.39,18.896861001849174,6.408896861001849,108.89686100184903
a,6.38,6.86925,21.187399048358202,6.890437399048358,510.4373990483584
kneeling,7.45,7.50825,21.40874112956226,7.529658741129563,79.6587411295624
desk,7.85,7.9875,23.461448960006237,8.010961448960007,160.96144896000732
at,7.93,8.14725,20.46626596711576,8.167716265967115,237.7162659671157
the,8.06,8.307,20.65829001367092,8.327658290013671,267.6582900136708
right,8.33,8.46675,20.45936184003949,8.487209361840039,157.20936184003875
of,8.42,8.6265,21.523226983845234,8.648023226983845,228.02322698384535
the,8.56,8.6265,21.523226983845234,8.648023226983845,88.0232269838448
altar,9.01,9.10575,21.749696927145123,9.127499696927146,117.49969692714579
from,9.27,9.42525,20.314265973865986,9.445564265973866,175.56426597386655
which,9.5,9.585,20.273253088817,9.605273253088818,105.27325308881785
he,9.61,9.74475,20.189774921163917,9.764939774921164,154.9397749211643
led,9.91,10.06425,21.705294027924538,10.085955294027924,175.95529402792386
his,10.12,10.224,20.106428069993854,10.244106428069994,124.10642806999483
wing,10.35,10.5435,23.184682009741664,10.566684682009742,216.6846820097419
of,10.45,10.5435,23.184682009741664,10.566684682009742,116.68468200974225
boys,10.88,10.863,22.73098099976778,10.885730980999767,5.730980999766544
through,11.14,11.1825,20.511906128376722,11.203011906128376,63.01190612837537
the,11.25,11.34225,19.609234994277358,11.361859234994277,111.8592349942773
responses,12.02,11.98125,20.199171034619212,12.001449171034619,-18.550828965381072
her,0.7,0.79875,23.460200056433678,0.8222102000564336,122.21020005643368
eyes,1.06,1.11825,24.036939023062587,1.1422869390230626,82.2869390230625
seemed,1.45,1.5975,18.760761944577098,1.616260761944577,166.26076194457707
to,1.55,1.75725,18.86195014230907,1.776111950142309,226.111950142309
regard,1.98,1.917,18.886803882196546,1.9358868038821966,-44.1131961178034
him,2.23,2.2365,18.907479010522366,2.2554074790105223,25.407479010522316
with,2.43,2.556,18.824663013219833,2.57482466301322,144.82466301321972
mild,2.82,3.195,19.822571892291307,3.214822571892291,394.8225718922913
pity,3.22,3.195,19.822571892291307,3.214822571892291,-5.177428107709048
her,3.86,3.99375,18.878048053011298,4.012628048053012,152.62804805301178
holiness,4.5,4.473,18.892394145950675,4.4918923941459505,-8.10760585404946
a,4.89,5.27175,20.237701945006847,5.291987701945007,401.9877019450071
strange,5.45,5.59125,20.151490811258554,5.611401490811258,161.401490811258
light,5.89,5.91075,20.138707011938095,5.930888707011938,40.888707011938585
glowing,6.27,6.39,19.959584809839725,6.409959584809839,139.95958480983984
faintly,6.75,6.86925,19.005169859156013,6.888255169859156,138.2551698591561
upon,7.07,7.029,19.98897409066558,7.0489889740906655,-21.01102590933479
her,7.22,7.3485,18.771278904750943,7.3672712789047505,147.27127890475077
frail,7.77,8.307,20.864264108240604,8.327864264108241,557.8642641082414
flesh,8.31,8.307,20.864264108240604,8.327864264108241,17.86426410824049
did,8.8,8.946,19.32696206495166,8.965326962064951,165.3269620649507
not,9.02,9.10575,19.023572094738483,9.124773572094739,104.77357209473936
humiliate,9.68,9.74475,20.49430296756327,9.765244302967563,85.24430296756336
the,9.8,10.06425,18.797402968630195,10.08304740296863,283.04740296862894
sinner,10.22,10.38375,19.851505057886243,10.403601505057885,183.60150505788476
who,10.42,10.5435,19.457679009065032,10.562957679009065,142.95767900906498
approached,10.88,11.02275,18.8616078812629,11.041611607881263,161.6116078812624
her,11.12,11.1825,18.83510104380548,11.201335101043805,81.33510104380548
if,0.73,0.79875,28.359950054436922,0.8271099500544369,97.1099500544369
ever,0.94,1.11825,27.273035142570734,1.1455230351425707,205.52303514257076
he,1.12,1.278,26.51212294586003,1.30451212294586,184.51212294585994
was,1.34,1.43775,21.27299294807017,1.4590229929480703,119.02299294807017
impelled,1.86,1.917,23.03119213320315,1.9400311921332032,80.03119213320309
to,1.99,2.07675,20.40836401283741,2.0971583640128375,107.15836401283751
cast,2.43,2.556,20.3680160921067,2.5763680160921067,146.3680160921066
sin,2.74,2.8755,22.910411935299635,2.8984104119353,158.41041193529958
from,3.02,3.03525,19.67074698768556,3.0549207469876856,34.92074698768555
him,3.3,3.35475,19.587064860388637,3.3743370648603888,74.33706486038894
and,3.46,3.67425,20.962418988347054,3.695212418988347,235.21241898834688
to,3.57,3.67425,20.962418988347054,3.695212418988347,125.21241898834701
repent,4.1,4.1535,20.107625052332878,4.173607625052333,73.60762505233342
the,4.77,4.7925,19.768596859648824,4.812268596859649,42.268596859649676
impulse,5.2,5.27175,22.56087912246585,5.294310879122466,94.31087912246561
that,5.37,5.4315,21.795437904074788,5.453295437904075,83.29543790407445
moved,5.71,5.91075,21.66743390262127,5.932417433902621,222.41743390262147
him,5.95,6.0705,21.25754696317017,6.09175754696317,141.75754696317
was,6.14,6.23025,21.284220041707158,6.251534220041707,111.53422004170733
the,6.25,6.39,20.872811088338494,6.410872811088338,160.87281108833818
wish,6.52,6.7095,19.729312043637037,6.729229312043637,209.22931204363772
to,6.65,6.7095,19.729312043637037,6.729229312043637,79.22931204363692
be,6.83,6.86925,19.7507799603045,6.889000779960305,59.000779960304506
her,7.06,7.3485,19.756591878831387,7.368256591878831,308.2565918788314
knight,7.52,7.50825,23.26332312077284,7.531513323120773,11.513323120773578
he,0.47,0.639,24.027190869674087,0.6630271908696741,193.02719086967411
tried,0.76,0.79875,28.218978084623814,0.8269689780846238,66.96897808462377
to,0.84,0.9585,25.676139863207936,0.984176139863208,144.176139863208
think,1.25,1.278,25.196169037371874,1.303196169037372,53.1961690373719
how,1.46,1.5975,19.465453922748566,1.6169654539227485,156.9654539227485
it,1.55,1.75725,20.799210062250495,1.7780492100622505,228.04921006225044
could,1.72,1.75725,20.799210062250495,1.7780492100622505,58.0492100622505
be,2.11,1.917,19.51868017204106,1.936518680172041,-173.48131982795877
but,0.25,0.3195,23.82152294740081,0.3433215229474008,93.32152294740081
the,0.38,0.47925,24.25319910980761,0.5035031991098076,123.50319910980755
dusk,0.83,0.79875,28.545879991725087,0.827295879991725,-2.704120008274913
in,1.63,1.75725,20.461206091567874,1.7777112060915679,147.71120609156796
the,1.73,2.07675,20.29087394475937,2.0970408739447595,367.0408739447595
covered,3.0,3.03525,21.279335021972656,3.0565293350219727,56.529335021972656
over,3.25,3.35475,19.29082814604044,3.3740408281460406,124.04082814604055
his,3.44,3.5145,19.32358695194125,3.533823586951941,93.82358695194127
thoughts,3.98,3.99375,19.27369204349816,4.0130236920434985,33.02369204349853
the,4.86,4.95225,19.1948302090168,4.971444830209017,111.44483020901674
bell,5.16,5.59125,21.614322904497385,5.612864322904497,452.8643229044969
rang,5.54,5.59125,21.614322904497385,5.612864322904497,72.86432290449696
then,0.46,0.639,23.94114900380373,0.6629411490038037,202.94114900380373
you,0.52,0.79875,24.322059005498886,0.8230720590054988,303.07205900549883
can,0.7,0.9585,24.080222006887197,0.9825802220068872,282.58022200688725
ask,0.98,1.11825,24.188261944800615,1.1424382619448006,162.4382619448006
him,1.1,1.278,24.181464919820428,1.3021814649198205,202.18146491982037
questions,1.65,1.917,20.146175986155868,1.937146175986156,287.146175986156
on,1.74,1.917,20.146175986155868,1.937146175986156,197.14617598615592
the,1.84,2.07675,19.652580143883824,2.096402580143884,256.4025801438838
catechism,2.48,2.71575,19.096751930192113,2.734846751930192,254.84675193019203
stephen,1.06,1.917,22.3828530870378,1.9393828530870378,879.3828530870378
leaning,1.85,1.917,22.3828530870378,1.9393828530870378,89.38285308703774
back,2.27,2.39625,20.135808968916535,2.4163858089689167,146.38580896891673
and,2.4,2.71575,20.17160621471703,2.735921606214717,335.92160621471703
drawing,2.81,2.8755,21.26700896769762,2.896767008967698,86.76700896769773
idly,3.27,3.5145,21.979918936267495,3.5364799189362675,266.47991893626744
on,3.4,3.5145,21.979918936267495,3.5364799189362675,136.47991893626755
his,3.56,3.67425,20.97638207487762,3.6952263820748774,135.22638207487736
scribbler,4.12,4.31325,21.64928801357746,4.3348992880135775,214.89928801357738
listened,4.85,4.95225,22.456962149590254,4.9747069621495905,124.70696214959088
to,5.06,5.27175,30.929859960451722,5.302679859960452,242.67985996045206
the,5.16,5.27175,30.929859960451722,5.302679859960452,142.67985996045152
talk,5.49,5.91075,26.81551198475063,5.937565511984751,447.5655119847506
about,5.82,5.91075,26.81551198475063,5.937565511984751,117.56551198475051
him,6.12,6.0705,25.30163014307618,6.095801630143076,-24.198369856923918
which,6.38,6.39,27.16337190940976,6.417163371909409,37.16337190940955
heron,6.8,7.18875,23.71778106316924,7.212467781063169,412.4677810631692
checked,7.19,7.3485,22.38899888470769,7.370888998884707,180.8889988847069
from,7.38,7.50825,21.87351486645639,7.530123514866457,150.12351486645682
time,7.66,7.668,20.32551309093833,7.6883255130909385,28.325513090938337
to,7.74,7.82775,20.269490079954267,7.848019490079954,108.01949007995404
time,8.11,8.14725,19.09596286714077,8.16634596286714,56.345962867141
by,8.31,8.46675,19.12680407986045,8.48587680407986,175.87680407985928
saying,8.7,8.78625,20.24875208735466,8.806498752087355,106.49875208735615
it,0.66,0.79875,26.039927965030074,0.82478992796503,164.78992796503002
was,0.78,0.9585,26.09267015941441,0.9845926701594144,204.5926701594144
strange,1.39,1.43775,21.878340048715472,1.4596283400487156,69.62834004871566
too,1.76,1.75725,19.460692070424557,1.7767106920704245,16.71069207042453
that,2.21,2.39625,20.59208508580923,2.4168420850858094,206.8420850858095
he,2.32,2.39625,20.59208508580923,2.4168420850858094,96.8420850858096
found,2.77,2.71575,19.429256906732917,2.735179256906733,-34.82074309326721
an,2.91,3.03525,19.377395045012236,3.0546273950450122,144.6273950450121
arid,3.3,3.5145,21.186082856729627,3.5356860828567296,235.68608285672977
pleasure,3.81,3.834,19.405792001634836,3.853405792001635,43.40579200163486
in,3.98,4.1535,19.168454920873046,4.172668454920873,192.66845492087324
following,4.56,4.63275,19.204857060685754,4.6519548570606855,91.95485706068584
up,4.79,4.95225,19.26942286081612,4.971519422860816,181.51942286081635
to,4.91,5.112,20.154532976448536,5.132154532976449,222.15453297644848
the,5.06,5.112,20.154532976448536,5.132154532976449,72.15453297644902
end,5.46,5.59125,19.581625005230308,5.61083162500523,150.83162500522997
the,5.84,6.0705,20.27441607788205,6.090774416077882,250.7744160778822
rigid,6.21,6.39,20.211405819281936,6.410211405819282,200.21140581928165
lines,6.73,6.86925,20.348945865407586,6.889598945865408,159.59894586540725
of,6.84,7.029,21.544132847338915,7.050544132847339,210.54413284733897
the,6.93,7.029,21.544132847338915,7.050544132847339,120.54413284733911
of,7.62,7.82775,21.579653024673462,7.8493296530246734,229.32965302467335
the,7.71,7.82775,21.579653024673462,7.8493296530246734,139.3296530246735
church,8.13,8.14725,20.744831999763846,8.167994831999764,37.994831999762724
and,8.62,8.78625,20.476357080042362,8.806726357080043,186.72635708004393
penetrating,9.38,9.42525,21.50524198077619,9.446755241980776,66.75524198077554
into,9.71,9.74475,20.369171164929867,9.76511917116493,55.119171164928815
obscure,10.28,10.5435,20.404913928359747,10.56390491392836,283.90491392836026
silences,11.09,11.02275,21.618160884827375,11.044368160884828,-45.63183911517221
only,11.53,11.502,22.635089000687003,11.524635089000688,-5.3649109993116895
to,11.67,11.8215,21.5382541064173,11.843038254106418,173.0382541064177
hear,12.18,12.141,22.558792028576136,12.163558792028576,-16.441207971423566
and,12.38,12.4605,21.523881936445832,12.482023881936446,102.02388193644474
feel,12.84,12.78,20.235707983374596,12.800235707983374,-39.7642920166259
the,12.92,13.25925,19.32582911103964,13.27857582911104,358.57582911103947
more,13.15,13.419,19.567480077967048,13.438567480077968,288.56748007796716
deeply,13.64,13.7385,19.58429184742272,13.758084291847423,118.0842918474223
his,13.92,14.058,19.388993037864566,14.077388993037864,157.38899303786445
own,14.25,14.21775,19.574319012463093,14.237324319012464,-12.675680987536353
condemnation,15.17,15.72,17.85211800597608,15.737852118005977,567.8521180059768
the,0.64,0.79875,25.06059897132218,0.8238105989713221,183.81059897132212
sentence,1.13,1.278,23.231083992868662,1.3012310839928687,171.2310839928688
of,1.27,1.43775,31.54935291968286,1.469299352919683,199.29935291968292
saint,1.62,1.75725,22.27165107615292,1.779521651076153,159.5216510761528
james,2.08,2.2365,19.0360969863832,2.255536096986383,175.53609698638306
which,2.61,2.71575,18.89384794048965,2.7346438479404895,124.64384794048966
says,2.99,3.03525,20.35920601338148,3.0556092060133815,65.60920601338127
that,3.17,3.195,20.05048794671893,3.2150504879467188,45.050487946718846
he,3.47,3.5145,20.30337997712195,3.534803379977122,64.80337997712171
who,3.73,3.834,20.328695885837078,3.854328695885837,124.32869588583716
offends,4.22,4.31325,23.04340386763215,4.336293403867632,116.29340386763243
against,4.62,4.63275,20.570825086906552,4.653320825086906,33.32082508690615
one,4.89,5.112,19.59433709271252,5.131594337092713,241.59433709271295
commandment,5.48,5.59125,19.425543025135994,5.610675543025136,130.67554302513517
becomes,5.88,6.0705,19.45742010138929,6.089957420101389,209.9574201013894
guilty,6.31,6.39,22.115812869742513,6.412115812869742,102.11581286974258
of,6.46,6.54975,19.809299148619175,6.56955929914862,109.55929914861962
all,6.91,7.029,19.20698513276875,7.048206985132769,138.20698513276852
had,7.37,7.50825,19.912363961338997,7.528162363961339,158.1623639613392
seemed,7.72,7.82775,20.34322894178331,7.848093228941783,128.09322894178354
to,7.81,7.9875,19.298847997561097,8.006798847997562,196.7988479975622
him,8.11,8.14725,19.356141099706292,8.166606141099706,56.60614109970652
first,8.58,8.6265,19.13442206569016,8.64563442206569,65.63442206569015
a,8.7,9.10575,19.60386917926371,9.125353869179264,425.35386917926485
swollen,9.31,9.42525,21.459272829815745,9.446709272829816,136.70927282981538
phrase,9.76,9.9045,22.606009850278497,9.927106009850279,167.10600985027924
until,10.44,10.5435,20.34908812493086,10.56384908812493,123.84908812493123
he,10.62,10.70325,19.36634909361601,10.722616349093617,102.61634909361739
had,10.79,10.863,19.41730990074575,10.882417309900745,92.41730990074615
begun,11.2,11.1825,21.5568661224097,11.204056866122409,4.05686612240963
to,11.33,11.502,19.32004210539162,11.521320042105392,191.32004210539222
in,11.82,11.98125,20.427930168807507,12.001677930168807,181.6779301688065
the,11.94,12.141,19.433435052633286,12.160433435052633,220.4334350526338
darkness,12.46,12.4605,19.46149580180645,12.479961495801806,19.961495801805285
of,12.54,12.78,20.219423109665513,12.800219423109665,260.21942310966574
his,12.74,12.78,20.219423109665513,12.800219423109665,60.21942310966466
own,12.99,12.93975,19.23573389649391,12.958985733896494,-31.014266103506216
state,13.49,13.57875,20.35965002141893,13.599109650021418,109.10965002141815
if,0.6,0.79875,26.265406049787998,0.825015406049788,225.01540604978797
a,0.67,0.9585,24.284828221425414,0.9827848282214254,312.7848282214254
man,0.92,1.11825,24.414374958723783,1.1426643749587237,222.6643749587237
had,1.09,1.278,24.33091402053833,1.3023309140205384,212.33091402053827
stolen,1.53,1.5975,21.946987137198448,1.6194469871371984,89.44698713719833
a,1.6,1.917,19.405893981456757,1.9364058939814568,336.4058939814567
pound,2.1,2.2365,21.21865306980908,2.257718653069809,157.7186530698089
in,2.18,2.39625,21.77432202734053,2.4180243220273407,238.0243220273406
his,2.43,2.39625,21.77432202734053,2.4180243220273407,-11.975677972659415
youth,2.9,2.8755,21.3665917981416,2.8968665917981418,-3.1334082018581455
and,3.09,3.195,21.80154505185783,3.2168015450518577,126.80154505185781
had,3.25,3.35475,21.533938124775887,3.376283938124776,126.283938124776
used,3.77,3.834,21.024872781708837,3.855024872781709,85.0248727817089
that,3.99,3.99375,20.552904112264514,4.014302904112265,24.302904112264656
pound,4.48,4.473,21.811360027641058,4.494811360027641,14.811360027640497
to,4.7,4.7925,20.8080499432981,4.8133080499432985,113.30804994329836
a,5.15,5.4315,20.512423012405634,5.452012423012405,302.01242301240507
huge,5.53,5.751,20.346985198557377,5.771346985198558,241.34698519855746
fortune,5.95,6.0705,20.40989394299686,6.090909893942997,140.9098939429967
how,6.54,6.7095,20.340692019090056,6.72984069201909,189.84069201909026
much,6.87,6.86925,21.511374041438103,6.890761374041438,20.761374041438074
was,7.02,7.18875,22.010939894244075,7.210760939894244,190.76093989424425
he,7.16,7.18875,22.010939894244075,7.210760939894244,50.760939894243684
obliged,7.88,7.668,20.801105070859194,7.688801105070859,-191.19889492914055
to,7.97,7.9875,20.147518953308463,8.00764751895331,37.64751895330942
give,8.25,8.307,19.54771694727242,8.326547716947273,76.5477169472728
back,8.63,8.6265,19.998261006549,8.646498261006549,16.498261006548276
the,9.2,9.42525,19.586168928071856,9.444836168928072,244.8361689280727
pound,9.63,9.585,21.067182067781687,9.606067182067783,-23.932817932218242
he,9.72,9.9045,19.604242872446775,9.924104242872447,204.10424287244666
had,9.86,10.06425,24.339253082871437,10.088589253082871,228.5892530828715
stolen,10.38,10.5435,20.654472056776285,10.564154472056776,184.15447205677538
only,10.72,10.70325,21.4059769641608,10.724655976964161,4.655976964160757
or,11.18,11.502,21.633958909660578,11.523633958909661,343.63395890966154
the,11.28,11.502,21.633958909660578,11.523633958909661,243.63395890966189
pound,11.73,11.66175,20.878975046798587,11.682628975046798,-47.37102495320222
together,12.18,12.141,21.447925129905343,12.162447925129905,-17.55207487009436
with,12.37,12.4605,19.196592969819903,12.47969659296982,109.69659296982037
the,12.45,12.62025,19.111949019134045,12.639361949019134,189.36194901913518
compound,13.07,13.0995,21.052147028967738,13.120552147028969,50.552147028968264
interest,13.53,13.57875,19.029207061976194,13.597779207061976,67.77920706197627
accruing,14.02,14.21775,19.296091981232166,14.237046091981233,217.04609198123313
upon,14.37,14.53725,21.82434289716184,14.559074342897162,189.07434289716286
it,14.54,14.53725,21.82434289716184,14.559074342897162,19.07434289716292
or,15.2,15.17625,18.992084078490734,15.19524208407849,-4.757915921508982
all,15.5,15.6555,19.085066858679056,15.674585066858679,174.58506685867903
his,15.69,15.81525,18.862738041207194,15.834112738041208,144.1127380412084
huge,16.03,16.13475,20.137516083195806,16.154887516083196,124.88751608319504
fortune,16.51,16.45425,19.353131065145135,16.473603131065143,-36.39686893485816
if,0.47,0.79875,26.886024046689272,0.8256360240466892,355.6360240466893
a,0.54,0.9585,26.784216053783894,0.9852842160537839,445.2842160537839
layman,0.95,1.11825,26.929609943181276,1.1451796099431812,195.17960994318128
in,1.31,1.5975,20.532970782369375,1.6180329707823693,308.03297078236926
giving,1.61,1.75725,20.939507987350225,1.7781895079873502,168.1895079873501
baptism,2.23,2.39625,21.198102040216327,2.4174481020402165,187.44810204021655
pour,2.57,2.8755,22.167949937283993,2.897667949937284,327.66794993728433
the,2.68,2.8755,22.167949937283993,2.897667949937284,217.667949937284
water,3.1,3.195,19.459591945633292,3.214459591945633,114.45959194563304
before,3.59,3.5145,19.52554192394018,3.53402554192394,-55.97445807605972
saying,3.99,4.1535,19.546740921214223,4.173046740921214,183.0467409212142
the,4.09,4.31325,19.340584985911846,4.332590584985912,242.59058498591202
words,4.52,4.63275,19.5039298851043,4.652253929885104,132.2539298851044
is,4.93,4.95225,19.296999787911773,4.971546999787912,41.54699978791232
the,5.04,5.27175,19.282726105302572,5.2910327261053025,251.03272610530246
child,5.5,5.4315,19.996840972453356,5.451496840972453,-48.50315902754687
baptized,6.27,6.39,20.21321700885892,6.410213217008859,140.21321700885903
how,0.62,0.79875,24.21411406248808,0.822964114062488,202.96411406248805
comes,0.92,1.11825,25.755893904715776,1.1440058939047157,224.0058939047157
it,1.06,1.278,24.210751987993717,1.3022107519879937,242.2107519879937
that,1.43,1.5975,19.82369110919535,1.6173236911091953,187.32369110919532
while,1.69,1.917,20.58208012022078,1.9375820801202208,247.58208012022087
the,1.79,1.917,20.58208012022078,1.9375820801202208,147.58208012022078
first,2.21,2.2365,20.43524687178433,2.2569352468717843,46.9352468717843
beatitude,2.91,2.8755,22.70593005232513,2.8982059300523253,-11.794069947674846
promises,3.49,3.5145,20.22488508373499,3.534724885083735,44.72488508373473
the,3.59,3.834,22.31604908592999,3.85631604908593,266.3160490859302
kingdom,3.96,3.99375,22.213415941223502,4.015963415941224,55.96341594122389
of,4.09,4.1535,20.98717400804162,4.174487174008042,84.48717400804196
heaven,4.35,4.63275,21.052398020401597,4.653802398020401,303.80239802040165
to,4.46,4.63275,21.052398020401597,4.653802398020401,193.80239802040134
the,4.56,4.7925,20.91386285610497,4.813413862856105,253.4138628561058
poor,4.9,4.95225,20.543234888464212,4.9727932348884645,72.79323488846413
of,5.0,5.112,19.685300067067146,5.131685300067067,131.68530006706726
heart,5.41,5.4315,19.488909048959613,5.450988909048959,40.98890904895924
the,5.95,6.39,19.798965891823173,6.409798965891823,459.79896589182266
second,6.47,6.54975,19.670329056680202,6.569420329056681,99.42032905668086
promises,7.86,7.82775,19.390367902815342,7.847140367902815,-12.859632097184992
also,8.39,8.307,22.342913085594773,8.329342913085595,-60.65708691440541
to,8.54,8.6265,19.528181059286,8.646028181059286,106.02818105928691
the,8.65,8.946,19.616337027400732,8.9656163370274,315.6163370274001
meek,9.06,9.2655,20.13692888431251,9.285636928884312,225.63692888431143
that,9.3,9.42525,19.019520841538906,9.444269520841539,144.26952084153834
they,9.53,9.585,18.99808505550027,9.603998085055501,73.99808505550176
shall,9.75,9.9045,19.49780504219234,9.923997805042193,173.99780504219285
possess,10.21,10.224,19.093488808721304,10.243093488808722,33.09348880872065
the,10.31,10.5435,20.706913899630308,10.56420691389963,254.20691389962968
land,10.79,10.70325,20.723131950944662,10.723973131950945,-66.02686804905389
why,0.61,0.79875,24.120788788422942,0.8228707887884229,212.8707887884229
was,0.83,0.9585,23.944633780047297,0.9824446337800473,152.44463378004735
the,0.92,1.11825,26.150668039917946,1.144400668039918,224.40066803991786
sacrament,1.57,1.5975,20.1609309297055,1.6176609309297054,47.66093092970536
of,1.68,1.75725,19.903108943253756,1.7771531089432537,97.1531089432538
the,1.78,2.07675,19.224517047405243,2.0959745170474053,315.9745170474053
eucharist,2.37,2.8755,22.535176016390324,2.8980351760163905,528.0351760163904
instituted,3.2,3.195,20.692907040938735,3.2156929070409386,15.692907040938398
under,3.44,3.5145,19.385885214433074,3.533885885214433,93.88588521443309
the,3.58,3.67425,19.18488391675055,3.6934348839167503,113.43488391675027
two,3.83,4.1535,20.272924099117517,4.173772924099118,343.77292409911763
species,4.4,4.473,19.524191971868277,4.492524191971868,92.5241919718678
of,4.55,4.63275,19.676333060488105,4.652426333060488,102.42633306048799
bread,4.92,5.112,20.63274779357016,5.13263274779357,212.63274779357033
and,5.16,5.27175,19.47672409005463,5.291226724090055,131.22672409005443
wine,5.58,5.59125,20.547750871628523,5.611797750871628,31.79775087162806
if,6.12,6.23025,20.54219995625317,6.250792199956253,130.79219995625292
jesus,6.55,6.54975,21.77477185614407,6.5715247718561445,21.524771856144653
christ,7.06,7.029,19.00415006093681,7.048004150060937,-11.995849939062886
be,7.2,7.3485,19.873864017426968,7.3683738640174266,168.37386401742637
present,7.71,8.307,20.07186715491116,8.327071867154912,617.0718671549116
body,8.1,8.307,20.07186715491116,8.327071867154912,227.0718671549119
and,8.26,8.46675,20.206480054184794,8.486956480054184,226.95648005418434
blood,8.64,8.6265,20.134744932875037,8.646634744932875,6.634744932874526
and,9.54,9.74475,18.947571981698275,9.763697571981698,223.69757198169893
divinity,10.22,10.224,19.0268789883703,10.24302687898837,23.02687898836986
in,10.53,10.70325,20.349082071334124,10.723599082071335,193.59908207133537
the,10.63,10.70325,20.349082071334124,10.723599082071335,93.59908207133394
bread,10.92,11.02275,20.13902901671827,11.042889029016719,122.88902901671861
alone,11.48,11.34225,20.13007993809879,11.362380079938099,-117.6199200619017
and,11.91,11.98125,19.179712049663067,12.000429712049662,90.42971204966221
in,12.01,12.141,18.976211082190275,12.15997621108219,149.9762110821905
the,12.09,12.30075,19.002570072188973,12.31975257007219,229.75257007218985
wine,12.43,12.62025,20.342795876786113,12.640592795876787,210.5927958767868
alone,12.87,12.93975,20.06550901569426,12.959815509015694,89.81550901569513
if,0.5,0.639,25.487500010058284,0.6644875000100583,164.48750001005828
the,0.6,0.79875,24.181292857974768,0.8229312928579747,222.93129285797474
wine,1.03,1.11825,26.248158887028694,1.1444981588870287,114.49815888702864
into,1.56,2.07675,22.396599873900414,2.0991465998739005,539.1465998739004
vinegar,2.05,2.2365,20.751988980919123,2.257251988980919,207.25198898091924
and,2.52,2.71575,22.42487412877381,2.7381748741287737,218.17487412877367
the,2.61,2.71575,22.42487412877381,2.7381748741287737,128.1748741287738
host,3.08,3.195,22.338795941323042,3.217338795941323,137.33879594132281
crumble,3.55,3.67425,21.207470912486315,3.695457470912486,145.4574709124863
into,3.75,3.834,20.03421215340495,3.854034212153405,104.03421215340502
corruption,4.45,4.7925,19.69967596232891,4.812199675962329,362.19967596232914
after,4.8,4.7925,19.69967596232891,4.812199675962329,12.199675962329515
they,4.94,5.112,19.475449109449983,5.13147544910945,191.4754491094497
have,5.1,5.27175,19.59512010216713,5.291345120102167,191.3451201021674
been,5.28,5.4315,21.57635218463838,5.453076352184638,173.0763521846379
consecrated,6.06,6.0705,20.926465978845954,6.091426465978846,31.426465978846352
is,6.62,6.7095,20.52739285863936,6.73002739285864,110.0273928586395
jesus,7.08,7.18875,22.69896399229765,7.211448963992297,131.44896399229734
christ,7.67,7.668,21.193813998252153,7.689193813998252,19.193813998252374
still,7.98,7.9875,21.077064098790288,8.008577064098791,28.577064098790572
present,8.49,8.6265,21.71362587250769,8.648213625872508,158.21362587250752
under,8.69,8.78625,20.613553002476692,8.806863553002477,116.86355300247797
their,8.88,8.946,19.544994924217463,8.965544994924217,85.54499492421641
species,9.57,9.585,19.515692023560405,9.604515692023561,34.51569202356097
as,9.73,9.74475,19.617884885519743,9.76436788488552,34.36788488551912
god,10.16,10.06425,19.495113054290414,10.08374511305429,-76.25488694571025
and,10.51,10.5435,19.423930905759335,10.56292393090576,52.92393090575942
as,10.68,10.70325,19.408378982916474,10.722658378982917,42.658378982917355
man,11.14,11.02275,19.760364899411798,11.042510364899412,-97.4896351005885
a,0.62,0.9585,24.192750919610262,0.9826927509196103,362.69275091961026
gentle,0.94,1.11825,27.255675988271832,1.1455056759882718,205.50567598827186
kick,1.27,1.43775,22.528243949636817,1.460278243949637,190.27824394963687
from,1.43,1.5975,20.659920992329717,1.6181599209923296,188.1599209923297
the,1.51,1.75725,21.11226599663496,1.778362265996635,268.3622659966349
tall,1.88,1.917,22.12747512385249,1.9391274751238525,59.12747512385263
boy,2.17,2.2365,20.4926619771868,2.2569926619771867,86.9926619771868
in,2.35,2.556,21.658371901139617,2.5776583719011397,227.6583719011396
the,2.44,2.556,21.658371901139617,2.5776583719011397,137.65837190113973
bench,2.73,2.8755,22.119489032775164,2.8976194890327753,167.61948903277533
behind,3.23,3.195,18.998776096850634,3.2139987760968505,-16.00122390314951
urged,3.96,3.99375,20.15173900872469,4.013901739008725,53.90173900872508
stephen,4.44,4.7925,20.503235049545765,4.813003235049546,373.0032350495458
to,4.63,4.7925,20.503235049545765,4.813003235049546,183.0032350495463
ask,4.97,4.95225,20.529357017949224,4.9727793570179495,2.779357017949735
a,5.03,5.4315,21.709995111450553,5.45320999511145,423.2099951114501
difficult,5.53,5.91075,20.45558299869299,5.931205582998693,401.20558299869293
question,6.11,5.91075,20.45558299869299,5.931205582998693,-178.79441700130715
the,0.65,0.79875,24.462953209877014,0.823212953209877,173.21295320987696
rector,1.0,1.278,24.22941499389708,1.302229414993897,302.2294149938971
did,1.21,1.278,24.22941499389708,1.302229414993897,92.22941499389714
not,1.45,1.43775,22.185265086591244,1.4599352650865913,9.935265086591372
ask,1.74,1.75725,19.200146896764636,1.7764501468967646,36.45014689676462
for,1.9,2.07675,19.343341002240777,2.096093341002241,196.09334100224095
a,1.96,2.2365,19.462827127426863,2.255962827127427,295.9628271274268
catechism,2.61,2.71575,21.878140978515148,2.737628140978515,127.62814097851516
to,2.71,2.8755,20.839791977778077,2.8963397919777782,186.33979197777828
hear,2.98,3.195,20.550559042021632,3.2155505590420215,235.5505590420215
the,3.07,3.195,20.550559042021632,3.2155505590420215,145.55055904202163
lesson,3.42,3.834,20.60876414179802,3.854608764141798,434.6087641417982
from,3.74,3.834,20.60876414179802,3.854608764141798,114.60876414179788
he,0.38,0.47925,23.673816118389368,0.5029238161183893,122.92381611838931
clasped,0.91,0.9585,26.467646937817335,0.9849676469378174,74.96764693781732
his,1.09,1.11825,44.25181285478175,1.1625018128547817,72.50181285478163
hands,1.42,1.5975,19.58993310108781,1.6170899331010877,197.0899331010878
on,1.51,1.75725,20.185512024909258,1.7774355120249092,267.4355120249092
the,1.63,1.75725,20.185512024909258,1.7774355120249092,147.43551202490934
desk,2.01,2.07675,21.22195507399738,2.0979719550739975,87.97195507399769
and,2.16,2.39625,20.058496156707406,2.4163084961567076,256.30849615670746
said,2.46,2.556,21.258676890283823,2.577258676890284,117.25867689028391
the,0.41,0.79875,24.63528490625322,0.8233852849062532,413.3852849062532
retreat,0.93,0.9585,29.50488985516131,0.9880048898551613,58.00488985516128
will,1.12,1.278,24.739547865465283,1.3027395478654653,182.7395478654652
begin,1.62,1.75725,20.059148082509637,1.7773091480825096,157.30914808250952
on,1.89,1.917,19.069456961005926,1.936069456961006,46.06945696100606
wednesday,2.47,2.556,20.6933890003711,2.576693389000371,106.69338900037096
in,3.39,3.5145,20.20736294798553,3.5347073629479855,144.70736294798536
of,3.91,3.99375,20.627171965315938,4.014377171965316,104.37717196531615
saint,4.18,4.31325,23.884579073637724,4.337134579073638,157.13457907363804
francis,4.74,4.7925,21.66026388294995,4.81416026388295,74.16026388295016
whose,5.67,5.91075,21.38058701530099,5.932130587015301,262.1305870153012
feast,6.14,6.39,19.797887885943055,6.409797887885943,269.79788788594306
day,6.52,6.39,19.797887885943055,6.409797887885943,-110.20211211405683
is,6.72,6.86925,19.82423011213541,6.8890742301121355,169.07423011213575
saturday,7.43,7.3485,21.922976011410356,7.37042297601141,-59.57702398858977
on,0.42,0.639,24.306498002260923,0.6633064980022609,243.30649800226095
friday,0.85,0.9585,25.431677931919694,0.9839316779319197,133.93167793191972
confession,1.77,1.917,20.509354071691632,1.9375093540716917,167.50935407169166
will,1.97,2.2365,21.397773874923587,2.2578977738749235,287.89777387492353
be,2.1,2.2365,21.397773874923587,2.2578977738749235,157.89777387492342
heard,2.57,2.71575,20.80959198065102,2.736559591980651,166.55959198065108
all,2.83,3.03525,19.49387206695974,3.0547438720669597,224.74387206695968
the,2.97,3.195,19.565728958696127,3.214565728958696,244.5657289586958
afternoon,3.58,3.35475,19.600784871727228,3.3743507848717273,-205.64921512827271
after,3.92,3.99375,19.495734944939613,4.01324573494494,93.24573494494004
beads,4.39,4.473,22.986422991380095,4.49598642299138,105.98642299138028
beware,0.98,0.9585,26.32465516217053,0.9848246551621705,4.824655162170566
of,1.12,1.278,43.32082299515605,1.321320822995156,201.32082299515596
making,1.64,1.5975,21.553145023062825,1.6190531450230627,-20.946854976937157
that,1.9,1.917,19.126253901049495,1.9361262539010495,36.12625390104962
mistake,2.53,2.715,19.082963932305574,2.7340829639323054,204.08296393230563
stephen's,1.02,1.278,25.653376942500472,1.3036533769425005,283.6533769425005
heart,1.4,1.43775,22.532342933118343,1.4602823429331184,60.282342933118514
began,1.99,1.917,20.82286705262959,1.9378228670526296,-52.17713294737037
slowly,2.55,2.556,19.824932795017958,2.575824932795018,25.824932795018185
to,2.69,2.8755,19.31786211207509,2.8948178621120753,204.81786211207532
fold,3.24,3.35475,21.65523893199861,3.3764052389319987,136.40523893199853
and,3.47,3.834,19.21488414518535,3.8532148841451854,383.21488414518524
fade,3.9,3.99375,20.2537861187011,4.0140037861187015,114.00378611870154
with,4.06,4.1535,19.275918835774064,4.172775918835774,112.77591883577465
fear,4.6,4.473,19.090587040409446,4.492090587040409,-107.90941295959033
like,5.05,5.112,19.756641006097198,5.131756641006097,81.75664100609748
a,5.12,5.27175,20.200781989842653,5.291950781989843,171.95078198984248
withering,5.59,5.751,19.223038107156754,5.770223038107157,180.22303810715724
flower,6.11,6.0705,20.115778082981706,6.090615778082982,-19.384221917018607
he,0.69,0.79875,25.323092006146908,0.8240730920061469,134.0730920061469
is,0.86,1.278,26.646040147170424,1.3046460401471704,444.6460401471705
called,1.28,1.278,26.646040147170424,1.3046460401471704,24.646040147170424
as,1.41,1.5975,19.268845207989216,1.6167688452079891,206.76884520798922
you,1.51,1.75725,19.28159990347922,1.7765315999034792,266.53159990347916
know,1.88,1.917,19.39763594418764,1.9363976359441877,56.39763594418778
the,2.3,2.556,19.208838930353522,2.5752088389303536,275.20883893035375
apostle,2.97,3.195,20.039489027112722,3.2150394890271126,245.03948902711238
of,3.09,3.195,20.039489027112722,3.2150394890271126,125.03948902711271
the,3.22,3.35475,19.088196801021695,3.373838196801022,153.8381968010216
indies,3.79,3.834,22.090042009949684,3.8560900420099498,66.09004200994973
a,0.41,0.79875,26.808000169694424,0.8255580001696944,415.5580001696944
great,0.72,0.79875,26.808000169694424,0.8255580001696944,105.55800016969441
saint,1.17,1.278,36.83538013137877,1.3148353801313788,144.83538013137886
saint,1.91,2.07675,23.073026910424232,2.0998230269104243,189.8230269104244
francis,2.48,2.556,20.51176899112761,2.5765117689911277,96.51176899112768
the,0.66,0.9585,32.00333518907428,0.9905033351890743,330.5033351890743
rector,1.0,1.11825,27.33071194961667,1.1455807119496166,145.58071194961664
paused,1.57,1.5975,20.75209910981357,1.6182520991098135,48.25209910981343
and,1.73,1.917,19.608673872426152,1.9366086738724262,206.6086738724262
then,2.08,2.07675,19.576053135097027,2.096326053135097,16.32605313509705
shaking,2.84,2.8755,21.700679091736674,2.897200679091737,57.20067909173699
his,3.04,3.03525,19.6053481195122,3.054855348119512,14.855348119512168
hands,4.05,4.1535,20.817382028326392,4.174317382028327,124.31738202832676
before,4.45,4.31325,19.787990022450686,4.333037990022451,-116.96200997754946
him,4.7,4.7925,19.571766024455428,4.812071766024456,112.07176602445568
went,5.08,5.27175,20.603062119334936,5.292353062119335,212.3530621193348
on,5.4,5.4315,20.60638484545052,5.45210638484545,52.10638484544994
he,0.6,0.79875,23.60540605150163,0.8223554060515016,222.3554060515016
had,0.86,0.9585,23.490890162065625,0.9819908901620656,121.99089016206565
the,0.99,1.278,35.60059191659093,1.313600591916591,323.600591916591
faith,1.4,1.43775,19.816729007288814,1.457566729007289,57.566729007288984
in,1.5,1.75725,19.906627014279366,1.7771566270142793,277.15662701427937
him,1.85,1.917,20.551681984215975,1.937551681984216,87.55168198421592
that,2.04,2.07675,19.995899172499776,2.0967458991725,56.74589917249983
moves,2.44,2.556,20.429352996870875,2.576429352996871,136.429352996871
a,0.35,0.639,24.28247593343258,0.6632824759334326,313.28247593343264
great,0.71,0.79875,24.29188205860555,0.8230418820586055,113.04188205860555
saint,1.27,1.43775,26.457644067704678,1.4642076440677048,194.20764406770473
saint,1.85,2.07675,21.72027714550495,2.098470277145505,248.47027714550495
francis,2.47,2.556,20.47270815819502,2.576472708158195,106.47270815819488
in,0.58,0.79875,25.267464108765125,0.8240174641087651,244.01746410876513
the,0.69,1.11825,44.35761505737901,1.162607615057379,472.607615057379
silence,1.22,1.278,29.438747093081474,1.3074387470930815,87.43874709308153
their,1.61,1.917,19.64142103679478,1.9366414210367948,326.6414210367947
dark,1.92,2.07675,20.21268312819302,2.096962683128193,176.9626831281932
fire,2.34,2.39625,19.183834083378315,2.4154338340833785,75.43383408337867
kindled,2.99,3.03525,19.826618023216724,3.0550766180232167,65.07661802321651
the,3.14,3.35475,19.296745071187615,3.3740467450711877,234.04674507118762
dusk,3.63,3.67425,22.426094161346555,3.6966760941613463,66.67609416134646
into,4.03,3.99375,20.29693010263145,4.014046930102632,-15.953069897368444
a,4.09,4.31325,20.572364097461104,4.333822364097461,243.82236409746127
tawny,4.55,4.7925,20.516590913757682,4.813016590913758,263.0165909137583
glow,4.96,5.112,20.65541106276214,5.132655411062762,172.65541106276228
he,0.68,0.79875,24.30919697508216,0.8230591969750821,143.05919697508207
could,0.82,0.9585,24.224993074312806,0.9827249930743128,162.72499307431286
wait,1.1,1.11825,23.49129202775657,1.1417412920277565,41.74129202775645
no,1.22,1.43775,22.639804054051638,1.4603898040540517,240.38980405405175
longer,1.76,1.5975,20.011986140161753,1.6175119861401617,-142.48801385983833
for,0.51,0.639,22.818162105977535,0.6618181621059775,151.81816210597754
a,0.57,0.9585,23.029524134472013,0.981529524134472,411.52952413447207
full,0.92,1.11825,23.040666012093425,1.1412906660120934,221.29066601209334
hour,1.22,1.278,22.90440397337079,1.3009044039733708,80.90440397337085
he,1.37,1.43775,23.58251390978694,1.461332513909787,91.33251390978691
had,1.52,1.5975,19.46433004923165,1.6169643300492316,96.96433004923155
paced,1.96,2.07675,21.36258687824011,2.09811258687824,138.11258687824025
up,2.09,2.2365,20.254045957699418,2.2567540459576994,166.7540459576995
and,2.22,2.556,21.450384985655546,2.5774503849856556,357.4503849856554
down,2.6,2.556,21.450384985655546,2.5774503849856556,-22.549615014344493
waiting,3.02,3.03525,21.218515001237392,3.0564685150012374,36.46851500123738
but,3.61,3.67425,18.942081136628985,3.693192081136629,83.1920811366289
he,3.71,3.834,18.97820085287094,3.852978200852871,142.97820085287105
could,3.89,3.99375,19.44107818417251,4.013191078184173,123.19107818417274
wait,4.24,4.31325,19.843030953779817,4.33309303095378,93.09303095377963
no,4.37,4.63275,21.136068971827626,4.653886068971827,283.8860689718272
longer,4.91,4.7925,20.758616039529443,4.81325861603953,-96.74138396047027
he,0.67,0.9585,24.53113696537912,0.9830311369653791,313.0311369653791
set,0.94,1.278,25.803582975640893,1.303803582975641,363.80358297564095
off,1.19,1.278,25.803582975640893,1.303803582975641,113.80358297564098
abruptly,1.71,1.917,19.824554910883307,1.9368245549108833,226.8245549108834
for,1.87,2.07675,21.440884098410606,2.0981908840984107,228.1908840984106
the,1.95,2.07675,21.440884098410606,2.0981908840984107,148.19088409841075
bull,2.41,2.556,22.408263059332967,2.578408263059333,168.40826305933288
walking,3.22,3.195,21.229602862149477,3.2162296028621493,-3.7703971378508783
rapidly,3.75,3.834,19.104555947706103,3.853104555947706,103.10455594770617
lest,4.04,4.31325,21.10257907770574,4.334352579077706,294.35257907770574
his,4.22,4.31325,21.10257907770574,4.334352579077706,114.35257907770603
shrill,5.11,5.4315,21.42960298806429,5.452929602988064,342.9296029880637
whistle,5.49,5.751,20.270346896722913,5.771270346896723,281.270346896723
might,5.71,5.91075,20.066187949851155,5.930816187949851,220.81618794985135
call,5.94,6.0705,20.125696901232004,6.090625696901232,150.6256969012316
him,6.07,6.23025,20.06266708485782,6.250312667084858,180.31266708485737
back,6.42,6.39,20.089850993826985,6.410089850993827,-9.910149006173263
and,7.25,7.3485,18.932956038042903,7.3674329560380425,117.43295603804249
in,7.32,7.668,21.561605157330632,7.689561605157331,369.5616051573305
a,7.39,7.668,21.561605157330632,7.689561605157331,299.5616051573311
few,7.6,7.668,21.561605157330632,7.689561605157331,89.56160515733114
moments,8.03,7.9875,24.041387951001525,8.011541387951002,-18.458612048997125
he,8.14,8.307,19.035368924960494,8.32603536892496,186.03536892496032
had,8.32,8.46675,18.837694078683853,8.485587694078683,165.5876940786829
rounded,8.71,8.78625,21.56197908334434,8.807811979083345,97.81197908334427
the,8.81,8.946,20.18537698313594,8.966185376983136,156.18537698313517
curve,9.24,9.42525,20.35238011740148,9.445602380117402,205.6023801174014
at,9.32,9.585,21.886225091293454,9.606886225091294,286.886225091294
the,9.41,9.585,21.886225091293454,9.606886225091294,196.88622509129416
police,9.78,9.9045,23.84488796815276,9.928344887968153,148.34488796815393
barrack,10.26,10.38375,22.743762005120516,10.40649376200512,146.4937620051199
and,10.59,10.70325,21.796454908326268,10.725046454908327,135.046454908327
was,10.73,10.863,21.63252397440374,10.884632523974403,154.63252397440286
safe,11.24,11.6,18.52877880446613,11.618528778804466,378.52877880446556
the,0.72,0.9585,24.39555898308754,0.9828955589830876,262.8955589830876
university,1.82,1.917,19.121287856251,1.936121287856251,116.12128785625097
after,1.02,1.11825,25.132555048912764,1.1433825550489127,123.3825550489127
satisfaction,1.9,1.75725,20.40302217938006,1.77765302217938,-122.34697782061987
uplifted,2.42,2.556,21.279645152390003,2.57727964515239,157.27964515239012
him,2.68,2.71575,20.12624708004296,2.735876247080043,55.87624708004269
like,2.95,3.03525,20.06917796097696,3.055319177960977,105.31917796097679
long,3.4,3.99375,21.042898995801806,4.014792898995802,614.7928989958023
slow,4.07,4.63275,20.59149695560336,4.653341496955603,583.3414969556028
waves,4.79,4.7925,20.512228133156896,4.813012228133157,23.012228133157286
feet,0.9,0.9585,27.620075969025493,0.9861200759690255,86.12007596902549
are,1.25,1.278,24.290736997500062,1.3022907369975,52.29073699750009
as,1.47,1.5975,19.580575870350003,1.61708057587035,147.08057587034995
the,1.58,1.75725,18.96520797163248,1.7762152079716325,196.2152079716324
feet,1.86,1.917,20.174643956124783,1.9371746439561248,77.17464395612473
of,1.96,2.07675,19.91852093487978,2.09666852093488,136.66852093487992
and,2.8,3.03525,20.011771004647017,3.055261771004647,255.2617710046472
the,3.83,3.99375,18.95831013098359,4.012708310130984,182.70831013098388
everlasting,4.57,4.63275,19.258321961387992,4.652008321961388,82.00832196138741
arms,5.19,5.27175,19.044962944462895,5.290794962944463,100.79496294446244
the,0.27,0.47925,23.606042843312025,0.502856042843312,232.85604284331197
pride,0.67,0.79875,28.20581290870905,0.826955812908709,156.95581290870896
of,0.74,0.9585,24.314007023349404,0.9828140070233494,242.81400702334943
that,0.95,1.11825,24.289211025461555,1.1425392110254615,192.53921102546155
dim,1.22,1.43775,23.082492873072624,1.4608324928730727,240.83249287307274
image,1.69,1.75725,20.349545869976282,1.7775995458699763,87.59954586997631
brought,2.02,2.07675,19.229811150580645,2.0959798111505807,75.97981115058073
back,2.33,2.39625,19.235718064010143,2.4154857180640104,85.48571806401029
to,2.46,2.556,19.354874966666102,2.575354874966666,115.35487496666619
his,2.65,2.71575,19.32562398724258,2.7350756239872425,85.07562398724255
mind,3.08,3.03525,19.328194204717875,3.054578194204718,-25.421805795282193
the,3.29,3.5145,19.824279006570578,3.5343242790065705,244.3242790065705
dignity,3.88,3.99375,19.631952978670597,4.013381952978671,133.38195297867105
of,3.99,4.1535,19.846576964482665,4.173346576964483,183.34657696448264
the,4.14,4.31325,19.646889995783567,4.332896889995784,192.8968899957839
office,4.52,4.7925,20.440954016521573,4.812940954016522,292.9409540165224
he,4.62,4.7925,20.440954016521573,4.812940954016522,192.94095401652189
had,4.82,4.95225,21.191935054957867,4.973441935054958,153.44193505495784
refused,5.5,5.4315,20.009869011119008,5.451509869011119,-48.49013098888122
soon,0.79,0.79875,24.989451048895717,0.8237394510488957,33.73945104889564
the,0.88,1.11825,27.454732917249203,1.1457047329172492,265.70473291724915
whole,1.24,1.5975,19.998514791950583,1.6174985147919505,377.4985147919505
bridge,1.61,1.75725,22.454301128163934,1.779704301128164,169.70430112816382
was,1.77,1.917,20.132804987952113,1.9371328049879522,167.13280498795214
trembling,2.35,2.39625,21.103926934301853,2.417353926934302,67.35392693430198
and,2.5,2.8755,22.391648031771183,2.8978916480317713,397.89164803177135
resounding,3.11,3.195,20.43389598838985,3.2154338959883897,105.43389598838982
the,0.45,0.639,23.90760905109346,0.6629076090510935,212.90760905109346
uncouth,1.01,1.43775,21.99164987541735,1.4597416498754174,449.7416498754174
faces,1.49,1.5975,18.773701041936874,1.6162737010419368,126.2737010419368
passed,1.88,1.917,19.831729819998145,1.9368317298199982,56.83172981999829
him,2.04,2.07675,18.932701088488102,2.095682701088488,55.68270108848816
two,2.27,2.556,20.09086706675589,2.576090867066756,306.09086706675595
by,2.49,2.556,20.09086706675589,2.576090867066756,86.09086706675572
two,2.89,2.8755,18.904994009062648,2.894404994009063,4.4049940090626905
stained,3.71,3.834,21.315346006304026,3.855315346006304,145.31534600630414
yellow,4.19,4.1535,22.34815014526248,4.175848150145263,-14.15184985473772
or,4.39,4.473,19.092975184321404,4.492092975184321,102.09297518432159
red,4.77,4.7925,19.8155059479177,4.812315505947918,42.31550594791855
or,4.96,5.112,18.800385994836688,5.130800385994837,170.80038599483683
livid,5.33,5.4315,21.01280097849667,5.452512800978496,122.51280097849637
by,5.53,5.59125,19.163708901032805,5.610413708901032,80.41370890103217
the,5.66,5.91075,18.950617872178555,5.929700617872179,269.70061787217855
sea,6.1,6.23025,18.834885908290744,6.249084885908291,149.08488590829094
and,6.7,6.86925,18.95554782822728,6.888205547828227,188.20554782822717
as,6.84,7.029,20.118528977036476,7.049118528977036,209.11852897703653
he,6.94,7.029,20.118528977036476,7.049118528977036,109.118528977036
strove,7.35,7.50825,18.845120910555124,7.527095120910555,177.0951209105558
to,7.49,7.668,18.882750067859888,7.68688275006786,196.88275006785983
look,7.71,7.82775,19.054477801546454,7.846804477801546,136.80447780154648
at,7.81,7.9875,19.02385102584958,8.00652385102585,196.5238510258507
them,8.14,8.14725,19.01152590289712,8.166261525902897,26.26152590289621
with,8.35,8.46675,19.142142962664366,8.485892142962664,135.89214296266405
ease,8.74,8.946,20.159087143838406,8.966159087143838,226.15908714383792
and,8.89,8.946,20.159087143838406,8.966159087143838,76.15908714383757
indifference,9.53,9.585,20.023446064442396,9.605023446064443,75.02344606444389
a,9.94,10.38375,23.005387047305703,10.406755387047305,466.75538704730536
faint,10.28,10.38375,23.005387047305703,10.406755387047305,126.75538704730549
stain,10.82,11.02275,19.937203964218497,11.042687203964219,222.6872039642185
of,10.95,11.02275,19.937203964218497,11.042687203964219,92.68720396421948
personal,11.52,11.66175,20.09730599820614,11.681847305998206,161.8473059982062
shame,12.11,12.141,21.426155930384994,12.162426155930385,52.426155930385576
and,12.28,12.30075,20.397403044626117,12.321147403044627,41.147403044627495
commiseration,13.16,13.0995,18.931061029434204,13.118431061029435,-41.56893897056513
rose,13.5,13.7385,19.882531836628914,13.758382531836629,258.3825318366291
to,13.62,13.7385,19.882531836628914,13.758382531836629,138.38253183662985
his,13.82,13.89825,18.82169209420681,13.917071692094208,97.0716920942074
own,14.05,14.058,19.0100718755275,14.077010071875527,27.01007187552662
face,14.55,14.53725,19.558319123461843,14.556808319123462,6.808319123461359
angry,0.78,0.9585,23.30620400607586,0.9818062040060759,201.80620400607586
with,0.94,1.278,23.88703590258956,1.3018870359025896,361.8870359025896
himself,1.47,1.43775,25.164329912513494,1.4629143299125136,-7.085670087486395
he,1.9,2.07675,20.292924949899316,2.0970429249498994,197.0429249498995
tried,2.24,2.39625,22.533651906996965,2.418783651906997,178.78365190699697
to,2.33,2.39625,22.533651906996965,2.418783651906997,88.78365190699711
hide,2.69,2.8755,22.784977918490767,2.898284977918491,208.284977918491
his,2.92,3.03525,19.47863702662289,3.054728637026623,134.72863702662298
face,3.23,3.35475,18.74992181546986,3.37349992181547,143.49992181547
from,3.44,3.5145,18.991722026839852,3.53349172202684,93.49172202683987
their,3.66,3.834,18.930996069684625,3.8529309960696847,192.93099606968457
eyes,4.03,4.1535,18.871773965656757,4.172371773965657,142.3717739656567
by,4.2,4.31325,19.111054949462414,4.332361054949462,132.36105494946227
gazing,4.67,4.7925,19.056716933846474,4.811556716933847,141.55671693384699
down,5.0,4.95225,19.076861906796694,4.971326861906797,-28.673138093203043
sideways,5.74,5.751,19.008296076208353,5.770008296076209,30.008296076208474
into,5.9,6.0705,19.376120064407587,6.089876120064408,189.87612006440725
the,6.03,6.23025,19.038999918848276,6.249288999918848,219.28899991884788
shallow,6.52,6.54975,21.66965906508267,6.571419659065083,51.4196590650835
swirling,7.07,7.18875,20.36475599743426,7.209114755997434,139.11475599743372
water,7.55,7.50825,19.731524167582393,7.527981524167583,-22.018475832417117
under,7.74,7.82775,19.258684013038874,7.847008684013039,107.00868401303865
the,7.86,7.9875,19.309512805193663,8.006809512805194,146.80951280519406
bridge,8.25,8.307,21.115320036187768,8.328115320036188,78.11532003618815
but,8.96,9.10575,18.867666134610772,9.124617666134611,164.61766613461037
he,9.07,9.2655,19.096042960882187,9.284596042960882,214.5960429608813
still,9.48,9.42525,19.152215914800763,9.444402215914801,-35.597784085199535
saw,9.91,9.9045,19.41299601458013,9.92391299601458,13.912996014580514
a,9.99,10.224,19.465443212538958,10.24346544321254,253.46544321253896
reflection,10.61,10.5435,20.151601172983646,10.563651601172984,-46.34839882701591
therein,11.19,11.1825,20.2261779922992,11.202726177992298,12.726177992298915
of,11.37,11.502,19.113925052806735,11.521113925052807,151.11392505280818
their,11.52,11.66175,19.069249974563718,11.680819249974563,160.81924997456377
top,11.87,12.30075,21.89901820383966,12.32264901820384,452.6490182038412
heavy,12.14,12.30075,21.89901820383966,12.32264901820384,182.64901820383983
silk,12.49,12.62025,23.314883932471275,12.643564883932472,153.56488393247147
hats,12.9,12.93975,21.902010077610612,12.96165201007761,61.65201007761034
and,13.54,13.7385,20.32812498509884,13.758828124985099,218.82812498509986
humble,13.99,14.21775,20.817844895645976,14.238567844895647,248.56784489564632
tape,14.35,14.697,20.519122947007418,14.717519122947007,367.51912294700696
like,14.59,14.697,20.519122947007418,14.717519122947007,127.51912294700674
collars,15.18,15.336,19.181907875463367,15.355181907875464,175.18190787546393
and,15.66,15.81525,19.17908200994134,15.834429082009942,174.4290820099419
loosely,16.14,16.2945,18.93627387471497,16.313436273874714,173.43627387471372
hanging,16.67,16.614,20.922333002090454,16.63492233300209,-35.077666997910484
clerical,17.18,17.253,22.023222874850035,17.27502322287485,95.02322287485043
clothes,17.86,17.892,18.85284809395671,17.910852848093956,50.85284809395674
brother,19.18,19.32975,18.946864875033498,19.348696864875034,168.69686487503444
brother,0.64,0.9585,23.60802097246051,0.9821080209724605,342.1080209724605
mac,0.87,1.278,24.963069008663297,1.3029630690086633,432.96306900866335
brother,2.35,2.39625,19.504033960402012,2.4157540339604022,65.75403396040214
their,0.69,1.11825,23.34192395210266,1.1415919239521026,451.59192395210266
piety,1.32,1.43775,23.15201098099351,1.4609020109809936,140.90201098099354
would,1.51,1.5975,19.395091105252504,1.6168950911052524,106.89509110525242
be,1.89,1.75725,18.902322044596076,1.776152322044596,-113.84767795540385
like,2.48,2.556,19.228316843509674,2.5752283168435097,95.22831684350975
their,2.63,2.71575,20.06149012595415,2.735811490125954,105.81149012595415
like,3.53,3.67425,20.1000040397048,3.6943500040397046,164.3500040397048
their,3.68,3.834,20.16176702454686,3.854161767024547,174.16176702454678
faces,4.25,4.1535,21.298204781487584,4.174798204781488,-75.20179521851222
like,4.72,4.7925,18.73119198717177,4.811231191987172,91.23119198717245
their,4.87,4.95225,18.964956048876047,4.971214956048876,101.2149560488762
clothes,5.48,5.4315,19.94454604573548,5.451444546045735,-28.555453954265175
and,6.11,6.23025,18.852099077776074,6.249102099077776,139.1020990777756
it,6.17,6.39,19.831249956041574,6.409831249956041,239.83124995604132
was,6.49,6.39,19.831249956041574,6.409831249956041,-80.16875004395897
idle,6.76,7.029,20.00142401084304,7.049001424010843,289.00142401084315
for,6.93,7.029,20.00142401084304,7.049001424010843,119.00142401084324
him,7.27,7.18875,18.67115101777017,7.20742115101777,-62.57884898222965
to,7.41,7.50825,18.79893196746707,7.527048931967467,117.04893196746724
tell,7.64,7.668,18.72582291252911,7.686725822912529,46.72582291252958
that,8.37,8.46675,18.948937067762017,8.485698937067761,115.69893706776213
their,8.52,8.78625,19.000326981768012,8.805250326981769,285.2503269817692
humble,8.98,9.10575,18.690147902816534,9.124440147902817,144.44014790281656
and,9.13,9.2655,19.078661920502782,9.284578661920502,154.57866192050142
contrite,9.55,9.74475,18.810883862897754,9.763560883862898,213.56088386289684
hearts,10.04,10.06425,19.99466004781425,10.084244660047814,44.24466004781458
it,10.18,10.5435,19.926588982343674,10.563426588982344,383.42658898234384
might,10.44,10.5435,19.926588982343674,10.563426588982344,123.42658898234404
be,10.74,10.70325,18.803409999236465,10.722053409999237,-17.946590000763152
paid,11.31,11.66175,20.088877994567156,11.681838877994567,371.83887799456625
a,11.37,11.66175,20.088877994567156,11.681838877994567,311.83887799456755
far,11.88,11.98125,19.081971840932965,12.000331971840932,120.33197184093147
richer,12.2,12.4605,18.879574025049806,12.47937957402505,279.3795740250502
tribute,12.64,12.93975,20.123393973335624,12.959873393973336,319.87339397333517
of,12.76,12.93975,20.123393973335624,12.959873393973336,199.8733939733359
devotion,13.34,13.57875,19.402469042688608,13.598152469042688,258.15246904268815
than,13.55,13.57875,19.402469042688608,13.598152469042688,48.15246904268733
his,14.03,14.058,19.9523800984025,14.077952380098402,47.95238009840297
had,14.25,14.53725,21.18391520343721,14.558433915203437,308.43391520343744
ever,14.51,14.53725,21.18391520343721,14.558433915203437,48.43391520343765
been,14.9,14.85675,20.703459857031703,14.877453459857032,-22.54654014296875
a,15.63,15.975,20.284976111724973,15.995284976111725,365.28497611172384
gift,15.99,16.13475,22.612852044403553,16.157362852044404,167.36285204440372
more,17.01,17.09325,20.502246916294098,17.113752246916295,103.7522469162937
acceptable,17.72,17.73225,19.44675692357123,17.75169675692357,31.696756923572877
than,17.88,18.05175,19.4674008525908,18.07121740085259,191.2174008525902
his,18.19,18.2115,19.402679055929184,18.23090267905593,40.902679055928814
elaborate,18.93,19.01025,20.49625408835709,19.030746254088356,100.74625408835658
adoration,19.65,19.4895,24.011011933907866,19.513511011933907,-136.4889880660911
it,0.52,0.639,23.571989964693785,0.6625719899646938,142.57198996469378
was,0.78,0.79875,23.474416928365827,0.8222244169283658,42.22441692836576
idle,1.03,1.278,23.52196187712252,1.3015219618771225,271.5219618771225
for,1.21,1.43775,22.434042999520898,1.460184042999521,250.184042999521
him,1.5,1.5975,19.06459010206163,1.6165645901020615,116.56459010206154
to,1.64,1.75725,19.180313916876912,1.776430313916877,136.430313916877
move,1.93,2.07675,19.14773602038622,2.0958977360203863,165.8977360203864
himself,2.47,2.39625,19.021055195480585,2.415271055195481,-54.7289448045194
to,2.56,2.71575,18.99106497876346,2.7347410649787633,174.7410649787633
be,2.67,2.8755,19.11972090601921,2.8946197209060194,224.61972090601944
generous,3.19,3.195,22.070153849199414,3.2170701538491993,27.070153849199308
towards,3.6,3.67425,20.056772977113724,3.6943067729771135,94.30677297711343
them,3.92,3.99375,19.001062028110027,4.01275106202811,92.75106202811045
to,4.31,4.63275,21.499916212633252,4.654249916212633,344.24991621263337
tell,4.51,4.63275,21.499916212633252,4.654249916212633,144.24991621263317
himself,4.98,4.95225,20.192953059449792,4.97244295305945,-7.5570469405503715
that,5.2,5.27175,20.16410487703979,5.29191410487704,91.91410487703955
if,5.47,5.59125,21.49439905770123,5.612744399057701,142.7443990577011
he,5.65,5.751,20.16437193378806,5.771164371933788,121.16437193378803
ever,5.87,5.91075,20.108029944822192,5.930858029944822,60.858029944822256
came,6.14,6.23025,18.91312305815518,6.249163123058155,109.16312305815535
to,6.25,6.39,18.758591962978244,6.408758591962978,158.75859196297793
their,6.45,6.54975,19.043623935431242,6.568793623935432,118.79362393543147
gates,6.84,7.029,19.086797023192048,7.048086797023192,208.0867970231921
stripped,7.61,7.82775,19.999156007543206,7.847749156007543,237.74915600754287
of,7.7,7.9875,19.88567295484245,8.007385672954843,307.38567295484296
his,7.88,7.9875,19.88567295484245,8.007385672954843,127.38567295484327
pride,8.44,8.46675,22.19340903684497,8.488943409036844,48.9434090368448
beaten,9.16,9.2655,19.24851001240313,9.284748510012403,124.74851001240239
and,9.32,9.42525,20.588994026184082,9.445838994026184,125.83899402618393
in,9.49,9.9045,21.21812803670764,9.925718128036708,435.718128036708
beggar's,9.89,10.06425,20.135651109740138,10.08438565110974,194.38565110973906
weeds,10.37,10.5435,19.94061190634966,10.56344061190635,193.4406119063503
that,10.9,11.02275,20.128396106883883,11.042878396106884,142.8783961068838
they,11.05,11.1825,20.166132831946015,11.202666132831945,152.66613283194454
would,11.22,11.34225,20.158176077529788,11.36240817607753,142.4081760775291
be,11.35,11.502,20.146335940808058,11.522146335940809,172.14633594080908
generous,11.89,12.30075,20.0392531696707,12.320789253169671,430.78925316967087
towards,12.24,12.30075,20.0392531696707,12.320789253169671,80.78925316967123
him,12.54,12.62025,18.957987893372774,12.639207987893373,99.20798789337404
loving,13.08,13.25925,21.106499014422297,13.280356499014422,200.35649901442198
him,13.41,13.419,18.93782801926136,13.437937828019262,27.9378280192617
as,13.67,13.7385,19.009209936484694,13.757509209936485,87.50920993648492
themselves,14.52,14.21775,21.12917508929968,14.2388791750893,-281.12082491069935
idle,0.99,1.278,25.062500964850187,1.3030625009648502,313.06250096485024
and,1.12,1.43775,24.628326995298266,1.4623783269952983,342.37832699529827
embittering,1.71,1.75725,22.6913511287421,1.779941351128742,69.94135112874211
finally,2.2,2.2365,23.8905840087682,2.260390584008768,60.39058400876796
to,2.4,2.556,20.325983874499798,2.5763259838745,176.32598387449994
argue,2.82,3.5145,20.080919144675136,3.534580919144675,714.5809191446752
against,3.47,3.5145,20.080919144675136,3.534580919144675,64.5809191446749
his,3.63,3.834,20.48428705893457,3.8544842870589346,224.48428705893474
own,3.86,3.834,20.48428705893457,3.8544842870589346,-5.515712941065232
dispassionate,4.61,4.7925,19.881607964634895,4.812381607964635,202.381607964635
certitude,5.36,5.27175,21.377850091084838,5.293127850091085,-66.87214990891555
that,5.9,6.0705,20.163053181022406,6.090663053181022,190.66305318102206
the,6.0,6.23025,20.104089053347707,6.2503540890533476,250.35408905334754
commandment,6.56,6.7095,19.03215004131198,6.728532150041312,168.5321500413126
of,6.69,6.86925,19.105318002402782,6.888355318002403,198.35531800240247
love,7.08,7.029,19.02161817997694,7.048021618179977,-31.978381820023216
bade,7.31,7.50825,20.033726003021002,7.528283726003021,218.2837260030217
us,7.5,7.668,19.00163386017084,7.687001633860171,187.00163386017098
not,7.82,7.82775,19.817068008705974,7.847567068008706,27.567068008705675
to,7.91,8.307,21.673945942893624,8.328673945942894,418.67394594289385
love,8.18,8.307,21.673945942893624,8.328673945942894,148.6739459428943
our,8.34,8.46675,21.00367587991059,8.48775367587991,147.75367587991008
as,8.9,9.10575,21.51053794659674,9.127260537946597,227.26053794659686
with,9.81,9.9045,21.032172022387385,9.925532172022388,115.53217202238741
the,9.93,10.224,19.443389028310776,10.243443389028311,313.44338902831123
same,10.27,10.38375,19.237588858231902,10.402987588858231,132.98758885823148
amount,10.84,10.863,22.690554847940803,10.88569055484794,45.69055484794049
and,11.03,11.1825,19.592927070334554,11.202092927070334,172.0929270703344
intensity,11.69,11.8215,19.75150010548532,11.841251500105486,151.25150010548617
of,11.84,11.98125,19.48419911786914,12.000734199117868,160.73419911786857
love,12.17,12.141,19.531224155798554,12.160531224155799,-9.46877584420136
but,12.78,12.93975,20.596292801201344,12.960346292801201,180.34629280120208
to,12.89,13.0995,20.305392099544406,13.119805392099545,229.80539209954463
love,13.11,13.25925,20.154352067038417,13.279404352067038,169.40435206703876
him,13.32,13.419,20.073229912668467,13.439073229912669,119.07322991266867
as,13.51,13.57875,20.087420009076595,13.598837420009076,88.83742000907624
with,14.37,14.53725,18.95896904170513,14.556208969041705,186.20896904170615
the,14.48,14.697,18.94015003927052,14.71594015003927,235.94015003926927
same,14.83,14.85675,18.94132001325488,14.875691320013255,45.69132001325471
kind,15.26,15.17625,19.204239826649427,15.195454239826649,-64.54576017335079
of,15.42,15.49575,19.002566812559962,15.51475256681256,94.75256681255928
love,15.81,15.81525,18.822176149114966,15.834072176149116,24.072176149115165
the,0.64,0.79875,24.40494392067194,0.8231549439206719,183.15494392067188
phrase,1.19,1.278,31.00443002767861,1.3090044300276786,119.0044300276787
and,1.36,1.5975,21.381068043410778,1.6188810680434107,258.8810680434106
the,1.45,1.5975,21.381068043410778,1.6188810680434107,168.88106804341075
day,1.94,1.75725,20.246790954843163,1.7774967909548431,-162.5032090451568
and,2.22,2.556,20.204494940117,2.576204494940117,356.20449494011683
the,2.31,2.71575,19.440053030848503,2.7351900530308484,425.19005303084833
scene,2.82,3.03525,19.38643306493759,3.0546364330649376,234.63643306493776
in,3.82,3.99375,19.574312027543783,4.013324312027544,193.3243120275443
a,3.88,4.1535,19.634837051853538,4.173134837051854,293.1348370518538
words,1.06,1.11825,27.401577914133668,1.1456515779141336,85.65157791413358
was,2.23,2.39625,20.194627111777663,2.416444627111778,186.4446271117779
it,2.33,2.556,20.183372078463435,2.5761833720784635,246.1833720784634
their,2.48,2.8755,21.318828919902444,2.8968188289199026,416.8188289199026
they,0.64,0.79875,24.171503959223628,0.8229215039592236,182.92150395922357
were,0.79,0.9585,24.122787173837423,0.9826227871738374,192.6227871738374
voyaging,1.31,1.43775,25.448817992582917,1.463198817992583,153.19881799258295
across,1.73,1.75725,21.308918949216604,1.7785589189492166,48.558918949216604
the,1.85,2.07675,20.304695004597306,2.0970546950045974,247.0546950045973
deserts,2.27,2.39625,21.27155801281333,2.4175215580128135,147.52155801281353
of,2.35,2.556,21.36906608939171,2.5773690660893918,227.36906608939168
the,2.44,2.556,21.36906608939171,2.5773690660893918,137.36906608939182
sky,2.95,3.03525,23.529028985649347,3.0587790289856494,108.77902898564918
a,3.41,3.834,21.377790020778775,3.855377790020779,445.3777900207787
host,3.84,3.99375,21.35139610618353,4.015101396106184,175.10139610618404
of,3.98,3.99375,21.35139610618353,4.015101396106184,35.1013961061839
on,4.75,4.95225,21.713573951274157,4.973963573951274,223.9635739512744
the,4.82,4.95225,21.713573951274157,4.973963573951274,153.96357395127413
march,5.27,5.4315,20.6080989446491,5.452108098944649,182.1080989446493
voyaging,6.07,6.23025,23.453983943909407,6.253703983943909,183.70398394390895
high,6.54,6.7095,21.026630187407136,6.730526630187407,190.52663018740733
over,6.77,6.86925,21.139493910595775,6.890389493910596,120.38949391059629
ireland,7.27,7.3485,23.479457944631577,7.371979457944631,101.97945794463159
westward,7.99,8.46675,22.336907917633653,8.489086907917633,499.08690791763274
bound,8.52,9.06,21.19669015519321,9.081196690155194,561.1966901551941
the,0.65,0.9585,25.557265151292086,0.9840572651512921,334.0572651512921
europe,1.0,1.11825,30.47537594102323,1.1487253759410232,148.7253759410232
they,1.15,1.278,23.468364030122757,1.3014683640301228,151.46836403012287
had,1.32,1.43775,22.75672578252852,1.4605067257825286,140.50672578252855
come,1.56,1.75725,21.11359708942473,1.7783635970894247,218.36359708942464
from,1.94,1.917,21.08034398406744,1.9380803439840675,-1.9196560159324694
lay,2.21,2.39625,19.765055971220136,2.4160150559712203,206.0150559712204
out,2.45,2.556,19.637950928881764,2.575637950928882,125.63795092888164
there,2.73,2.71575,19.629495218396187,2.735379495218396,5.379495218396091
beyond,3.12,3.195,19.630688009783626,3.2146306880097835,94.63068800978336
the,3.26,3.35475,19.590390846133232,3.3743403908461334,114.34039084613357
irish,3.63,4.1535,19.906818866729736,4.17340681886673,543.4068188667301
sea,4.14,4.1535,19.906818866729736,4.17340681886673,33.40681886673025
europe,5.02,5.27175,20.880123134702444,5.292630123134702,272.6301231347028
of,5.17,5.27175,20.880123134702444,5.292630123134702,122.63012313470244
strange,5.64,5.751,19.663908053189516,5.77066390805319,130.66390805319017
tongues,6.16,6.23025,19.776152912527323,6.250026152912527,90.02615291252702
and,6.36,6.54975,19.51349596492946,6.56926349596493,209.26349596492955
and,7.07,7.18875,19.657311029732227,7.208407311029732,138.4073110297317
and,8.13,8.307,20.435268059372902,8.327435268059373,197.4352680593725
and,9.11,9.2655,19.57529317587614,9.285075293175876,175.0752931758761
of,9.26,9.42525,19.417147152125835,9.444667147152126,184.66714715212618
entrenched,9.86,10.06425,19.63378395885229,10.083883783958852,223.88378395885235
and,10.04,10.224,19.43293702788651,10.243432937027887,203.43293702788756
races,11.21,11.1825,20.611332030966878,11.203111332030966,-6.888667969034756
again,1.07,0.639,24.991275975480676,0.6639912759754807,-406.0087240245194
again,2.56,2.39625,19.611387979239225,2.4158613879792394,-144.1386120207606
a,0.6,0.9585,25.144326966255903,0.9836443269662559,383.64432696625596
voice,1.01,1.11825,22.777139907702804,1.1410271399077028,131.02713990770275
from,1.2,1.278,24.12594109773636,1.3021259410977364,102.12594109773643
beyond,1.6,1.5975,19.988392014056444,1.6174883920140564,17.488392014056274
the,1.7,1.917,19.325127126649022,1.936325127126649,236.3251271266491
world,2.12,2.07675,19.137701950967312,2.0958877019509674,-24.1122980490327
was,2.28,2.39625,19.195695873349905,2.41544569587335,135.4456958733503
hello,1.01,1.5975,19.194623921066523,1.6166946239210664,606.6946239210664
stephanos,1.94,2.07675,19.17286799289286,2.095922867992893,155.922867992893
here,2.69,3.03525,20.387653028592467,3.0556376530285925,365.6376530285925
comes,3.16,3.195,21.509425016120076,3.21650942501612,56.50942501611978
the,3.25,3.5145,20.53603995591402,3.535036039955914,285.03603995591396
dedalus,3.86,3.99,20.385933807119727,4.01038593380712,150.38593380712007
their,0.7,1.11825,25.6510351318866,1.1439010351318866,443.9010351318866
diving,1.12,1.278,25.90811997652054,1.3039081199765206,183.90811997652045
stone,1.68,2.39625,22.459339816123247,2.4187093398161235,738.7093398161235
poised,2.38,2.556,21.167014027014375,2.5771670140270144,197.16701402701455
on,2.47,2.71575,22.478722967207432,2.7382287229672073,268.22872296720715
its,2.67,2.71575,22.478722967207432,2.7382287229672073,68.22872296720739
rude,2.99,3.195,22.099870024248958,3.217099870024249,227.0998700242486
supports,3.65,3.834,19.053964177146554,3.8530539641771466,203.05396417714672
and,3.8,3.99375,19.088958157226443,4.012838958157227,212.83895815722698
rocking,4.31,4.31325,20.417917985469103,4.333667917985469,23.667917985469522
under,4.55,4.63275,19.25444300286472,4.652004443002864,102.0044430028646
their,4.7,4.7925,19.360773032531142,4.811860773032532,111.8607730325314
plunges,5.31,5.27175,21.324606146663427,5.293074606146663,-16.925393853336246
and,5.87,6.0705,19.35693807899952,6.0898569380789995,219.8569380789994
the,5.98,6.23025,19.640850834548473,6.249890850834548,269.8908508345479
rough,6.29,6.54975,21.6486060526222,6.571398606052623,281.39860605262254
hewn,6.64,6.86925,20.42876509949565,6.889678765099496,249.67876509949605
stones,7.18,7.3485,20.534222945570946,7.3690342229455705,189.03422294557083
of,7.27,7.3485,20.534222945570946,7.3690342229455705,99.03422294557096
the,7.36,7.50825,19.40306299366057,7.527653062993661,167.65306299366057
sloping,7.88,7.9875,19.31782905012369,8.006817829050124,126.81782905012452
breakwater,8.56,8.6265,20.43514302931726,8.646935143029317,86.93514302931682
over,8.77,9.10575,20.264952909201384,9.126014952909202,356.0149529092023
which,9.07,9.10575,20.264952909201384,9.126014952909202,56.014952909201554
they,9.23,9.42525,20.3958370257169,9.445645837025717,215.64583702571662
scrambled,9.8,9.9045,21.66528720408678,9.926165287204087,126.1652872040866
in,9.89,10.224,21.586030954495072,10.245586030954495,355.58603095449473
their,10.04,10.224,21.586030954495072,10.245586030954495,205.58603095449612
gleamed,11.5,11.66175,20.503560081124306,11.682253560081124,182.2535600811239
with,11.67,11.8215,20.739918807521462,11.842239918807522,172.23991880752186
cold,12.13,12.141,22.796592209488153,12.163796592209488,33.796592209487386
wet,12.46,12.62025,22.835189010947943,12.643085189010948,183.0851890109475
lustre,12.99,13.0995,21.70183602720499,13.121201836027206,131.2018360272056
he,0.61,0.79875,24.236430879682302,0.8229864308796823,212.98643087968227
stood,0.92,0.9585,25.71019111201167,0.9842101911120117,64.21019111201164
still,1.43,1.278,24.3473369628191,1.3023473369628191,-127.65266303718082
in,1.55,1.917,22.373600164428353,1.9393736001644284,389.37360016442835
deference,1.99,2.2365,20.516347140073776,2.2570163471400737,267.0163471400737
to,2.12,2.2365,20.516347140073776,2.2570163471400737,137.0163471400736
their,2.28,2.39625,20.019408082589507,2.4162694080825897,136.2694080825899
calls,2.85,2.8755,21.516594104468822,2.897016594104469,47.0165941044689
and,3.06,3.195,20.588771905750036,3.21558877190575,155.5887719057498
parried,3.49,3.67425,23.05269706994295,3.6973026970699427,207.30269706994252
their,3.68,3.834,20.691586891189218,3.8546915868911893,174.69158689118913
banter,4.14,4.31325,20.70236694999039,4.33395236694999,193.95236694999073
with,4.31,4.473,20.40284709073603,4.493402847090736,183.4028470907363
easy,4.69,4.95225,19.43081198260188,4.971680811982602,281.68081198260177
words,5.22,5.27175,20.44673007912934,5.292196730079129,72.19673007912952
it,0.52,0.639,23.48927897401154,0.6624892789740116,142.48927897401154
was,0.67,0.79875,23.95804598927498,0.8227080459892749,152.7080459892749
a,0.74,1.11825,25.075898971408606,1.1433258989714086,403.3258989714086
pain,1.08,1.278,43.20302093401551,1.3212030209340155,241.20302093401546
to,1.19,1.43775,19.295174162834883,1.457045174162835,267.045174162835
see,1.46,1.75725,20.675171865150332,1.7779251718651503,317.92517186515033
them,1.79,1.75725,20.675171865150332,1.7779251718651503,-12.074828134849724
and,1.91,2.07675,19.555331906303763,2.096305331906304,186.30533190630393
a,1.99,2.2365,19.302153028547764,2.2558021530285477,265.8021530285477
sword,2.35,2.556,21.711427019909024,2.577711427019909,227.711427019909
like,2.61,2.71575,19.576986087486148,2.735326986087486,125.32698608748616
pain,2.97,3.03525,20.2641231007874,3.0555141231007874,85.5141231007872
to,3.06,3.35475,19.418178824707866,3.374168178824708,314.1681788247079
see,3.24,3.5145,20.991246914491057,3.535491246914491,295.49124691449083
the,3.37,3.5145,20.991246914491057,3.535491246914491,165.49124691449092
of,3.96,3.99375,20.691456040367484,4.014441456040368,54.441456040367875
adolescence,4.62,4.7925,20.77396702952683,4.813273967029527,193.27396702952714
that,4.8,4.95225,20.746717927977443,4.972996717927978,172.9967179279779
made,5.09,5.112,21.570353070273995,5.133570353070274,43.57035307027424
repellent,5.68,5.91075,21.273616002872586,5.932023616002873,252.02361600287304
their,5.88,6.23025,19.94843385182321,6.250198433851823,370.19843385182315
a,0.49,0.79875,25.987589033320546,0.8247375890333205,334.7375890333205
moment,0.85,0.79875,25.987589033320546,0.8247375890333205,-25.26241096667947
before,1.45,1.11825,23.098193807527423,1.1413481938075274,-308.6518061924726
the,1.86,2.07675,19.258960150182247,2.0960089601501823,236.00896015018225
ghost,2.31,2.39625,22.78377814218402,2.4190337781421842,109.03377814218418
of,2.38,2.556,19.32108192704618,2.5753210819270462,195.32108192704635
the,2.55,2.71575,19.27101402543485,2.7350210140254347,185.0210140254349
ancient,2.98,2.8755,22.628001868724823,2.898128001868725,-81.87199813127499
kingdom,3.36,3.5145,20.5256890039891,3.535025689003989,175.02568900398919
of,3.47,3.67425,20.608505001291633,3.6948585050012914,224.85850500129123
the,3.58,3.67425,20.608505001291633,3.6948585050012914,114.85850500129135
danes,4.08,4.1535,19.171877996996045,4.172671877996996,92.67187799699616
had,4.28,4.31325,19.68581392429769,4.332935813924298,52.93581392429747
looked,4.5,4.63275,22.427659947425127,4.655177659947425,155.17765994742484
forth,5.03,5.112,20.797017961740494,5.132797017961741,102.79701796174035
through,5.24,5.4315,22.334783105179667,5.453834783105179,213.8347831051792
the,5.36,5.59125,21.798476111143827,5.613048476111143,253.04847611114312
of,6.15,6.23025,23.488783044740558,6.25373878304474,103.73878304474005
the,6.36,6.39,21.76492800936103,6.411764928009361,51.76492800936039
city,7.48,7.668,21.47447201423347,7.689474472014234,209.47447201423319
you,0.67,0.9585,25.268974946811795,0.9837689749468118,313.7689749468118
will,0.78,0.9585,25.268974946811795,0.9837689749468118,203.7689749468118
find,1.04,1.11825,23.72956508770585,1.1419795650877058,101.97956508770578
me,1.13,1.278,36.56643792055547,1.3145664379205555,184.56643792055561
continually,1.85,1.917,20.71775309741497,1.937717753097415,87.71775309741491
speaking,2.27,2.39625,19.633642164990306,2.4158836421649905,145.8836421649905
of,2.36,2.71575,20.015109097585082,2.735765109097585,375.7651090975851
four,2.64,2.8755,21.469693863764405,2.8969696938637646,256.96969386376446
men,3.0,3.03525,21.53845503926277,3.0567884550392628,56.78845503926277
titian,4.4,4.473,21.777819143608212,4.494777819143608,94.77781914360773
turner,6.31,6.39,19.38111800700426,6.409381118007004,99.38111800700433
and,7.02,7.3485,19.233984872698784,7.367733984872698,347.7339848726988
in,8.77,9.10575,21.420412929728627,9.127170412929729,357.17041292972954
almost,9.1,9.10575,21.420412929728627,9.127170412929729,27.170412929729437
the,9.18,9.42525,19.366646884009242,9.44461664688401,264.61664688400964
same,9.49,9.585,19.29125003516674,9.604291250035168,114.29125003516738
every,1.31,1.43775,23.20675295777619,1.4609567529577763,150.95675295777622
quality,1.96,1.917,22.996461018919945,1.93999646101892,-20.003538981079984
and,3.14,3.35475,20.4766730312258,3.375226673031226,235.2266730312258
sometimes,3.58,3.5145,21.384757943451405,3.5358847579434514,-44.11524205654871
you,3.64,3.99375,20.810787100344896,4.014560787100345,374.5607871003451
will,3.76,3.99375,20.810787100344896,4.014560787100345,254.56078710034546
find,4.03,4.1535,19.496759865432978,4.172996759865433,142.99675986543292
me,4.13,4.31325,19.86416382715106,4.333114163827151,203.1141638271512
referring,4.54,4.7925,23.119120160117745,4.815619120160118,275.61912016011814
to,4.67,4.7925,23.119120160117745,4.815619120160118,145.61912016011826
them,4.83,4.95225,19.574493868276477,4.971824493868277,141.82449386827668
as,4.95,5.112,19.83348513022065,5.131833485130221,181.83348513022057
colorists,5.79,5.751,22.08846714347601,5.773088467143476,-16.911532856523692
sometimes,7.05,7.029,21.04998496361077,7.050049984963611,0.04998496361086069
as,7.18,7.3485,19.70771700143814,7.368207717001438,188.20771700143803
by,0.64,0.79875,23.47129606641829,0.8222212960664183,182.22129606641823
being,0.87,0.9585,23.511304054409266,0.9820113040544093,112.0113040544093
studious,1.39,1.43775,26.545976055786014,1.464295976055786,74.2959760557862
of,1.49,1.75725,19.621402956545353,1.7768714029565453,286.87140295654535
color,1.86,2.07675,20.08352382108569,2.096833523821086,236.8335238210857
they,2.0,2.2365,21.16760006174445,2.2576676000617444,257.6676000617444
are,2.1,2.2365,21.16760006174445,2.2576676000617444,157.66760006174428
studious,2.61,2.71575,21.870194002985954,2.737620194002986,127.62019400298597
of,2.72,3.03525,21.586104994639754,3.0568361049946398,336.8361049946396
division,3.28,3.35475,21.4834688231349,3.376233468823135,96.23346882313521
and,3.93,4.1535,20.649873884394765,4.174149873884395,244.1498738843948
while,4.06,4.31325,21.76524419337511,4.335015244193375,275.0152441933755
the,4.17,4.31325,21.76524419337511,4.335015244193375,165.01524419337522
devotes,5.46,5.751,21.45595196634531,5.772455951966346,312.45595196634565
himself,5.89,5.91075,21.654262905940413,5.932404262905941,42.404262905940904
to,5.99,6.23025,22.123652044683695,6.2523736520446835,262.37365204468335
the,6.08,6.23025,22.123652044683695,6.2523736520446835,172.37365204468347
representation,6.92,6.86925,21.25790505670011,6.8905079050567,-29.49209494329974
of,7.02,7.18875,20.69469913840294,7.209444699138403,189.4446991384031
degrees,7.53,7.668,20.398817025125027,7.688398817025125,158.3988170251249
of,7.61,7.82775,20.48894902691245,7.848238949026912,238.2389490269121
force,8.08,8.307,19.668060122057796,8.326668060122058,246.6680601220581
in,8.23,8.46675,19.858043873682618,8.486608043873682,256.60804387368154
one,8.44,8.6265,19.71472497098148,8.646214724970982,206.21472497098205
thing,8.94,8.946,20.418642787262797,8.966418642787263,26.418642787263025
light,10.73,10.863,19.93851107545197,10.882938511075452,152.9385110754511
the,11.65,11.8215,19.54680006019771,11.841046800060198,191.0468000601977
colorists,12.34,12.4605,20.179616985842586,12.480679616985842,140.67961698584242
have,12.71,12.93975,20.08980279788375,12.959839802797884,249.83980279788298
for,12.85,13.0995,21.406936924904585,13.120906936924905,270.9069369249057
their,13.02,13.0995,21.406936924904585,13.120906936924905,100.90693692490582
function,13.59,14.3775,19.303414970636368,14.396803414970636,806.803414970636
the,14.25,14.3775,19.303414970636368,14.396803414970636,146.80341497063586
attainment,14.69,14.85675,19.4309470243752,14.876180947024375,186.1809470243756
of,14.8,15.0165,19.62606399320066,15.036126063993201,236.12606399320057
beauty,15.26,15.336,19.381946185603738,15.355381946185604,95.38194618560425
by,15.72,15.81525,19.42004100419581,15.834670041004197,114.67004100419587
arrangement,16.3,16.2945,25.02539404667914,16.31952539404668,19.525394046677746
of,16.42,16.614,20.50891797989607,16.634508917979897,214.50891797989513
the,16.51,16.614,20.50891797989607,16.634508917979897,124.50891797989527
divisions,17.03,17.253,20.836574025452137,17.273836574025452,243.8365740254511
of,17.16,17.253,20.836574025452137,17.273836574025452,113.83657402545211
light,17.49,17.5725,19.869507057592273,17.592369507057594,102.3695070575954
my,0.67,0.79875,23.77424295991659,0.8225242429599166,152.5242429599165
first,1.06,1.11825,43.693507090210915,1.1619435070902109,101.94350709021083
and,1.18,1.5975,24.963612901046872,1.6224636129010468,442.4636129010469
principal,1.66,1.917,19.508767873048782,1.9365087678730488,276.5087678730489
reason,1.98,2.07675,19.97890812344849,2.0967289081234486,116.7289081234486
was,2.12,2.2365,20.229291170835495,2.2567292911708354,136.72929117083532
that,2.3,2.39625,20.405102986842394,2.4166551029868426,116.65510298684279
they,2.42,2.556,20.260302117094398,2.5762603021170944,156.2603021170945
enforced,3.06,3.195,21.976574091240764,3.2169765740912406,156.97657409124054
beyond,4.28,4.31325,20.898086950182915,4.334148086950183,54.148086950182694
all,4.48,4.63275,19.747733138501644,4.652497733138501,172.4977331385009
resistance,5.34,5.27175,19.827693002298474,5.291577693002298,-48.42230699770145
on,6.19,6.39,20.683074137195945,6.410683074137196,220.68307413719523
any,6.37,6.54975,20.378157030791044,6.5701281570307914,200.12815703079133
student,6.82,7.029,20.689745899289846,7.04968974589929,229.68974589928948
who,6.9,7.18875,21.222993964329362,7.209972993964329,309.97299396432874
might,7.11,7.3485,21.285593044012785,7.369785593044012,259.78559304401205
attempt,7.41,7.50825,21.28648618236184,7.529536486182362,119.53648618236201
copy,7.83,7.9875,24.872541893273592,8.012372541893274,182.37254189327422
them,8.09,8.14725,21.090043941512704,8.168340043941512,78.3400439415125
this,8.63,8.78625,19.69854603521526,8.805948546035216,175.94854603521526
method,9.02,9.10575,23.1683028396219,9.128918302839622,108.91830283962278
of,9.15,9.2655,19.96714505366981,9.28546714505367,135.46714505366884
laying,9.48,9.74475,19.681347999721766,9.764431347999722,284.43134799972114
portions,9.98,10.06425,23.59256288036704,10.087842562880367,107.84256288036609
of,10.09,10.224,20.617380971089005,10.24461738097109,154.61738097108935
distinct,10.54,10.70325,22.01366308145225,10.725263663081453,185.2636630814537
hue,10.98,11.1825,21.232384024187922,11.203732384024187,223.73238402418673
side,11.4,11.66175,21.344776963815093,11.683094776963815,283.09477696381435
by,11.56,11.66175,21.344776963815093,11.683094776963815,123.09477696381421
side,12.11,11.98125,21.710794884711504,12.00296079488471,-107.03920511528864
some,0.78,0.9585,45.1655020006001,1.0036655020006,223.6655020006
of,0.86,0.9585,45.1655020006001,1.0036655020006,143.66550200060001
the,0.97,1.11825,50.15329201705754,1.1684032920170575,198.40329201705754
touches,1.38,1.43775,22.864657919853926,1.460614657919854,80.61465791985411
indeed,1.81,1.75725,21.992549067363143,1.7792425490673631,-30.75745093263693
when,2.48,2.71575,21.895132027566433,2.7376451320275663,257.6451320275663
the,2.57,2.71575,21.895132027566433,2.7376451320275663,167.6451320275665
tint,2.85,3.195,19.668890861794353,3.214668890861794,364.6688908617941
has,3.03,3.195,19.668890861794353,3.214668890861794,184.66889086179438
been,3.24,3.35475,20.586474100127816,3.375336474100128,135.33647410012773
mixed,3.55,3.67425,19.598385086283088,3.693848385086283,143.84838508628306
with,3.69,3.834,19.495631102472544,3.8534956311024726,163.49563110247266
much,3.9,3.99375,20.511727081611753,4.014261727081612,114.2617270816122
water,4.42,4.31325,19.55603715032339,4.332806037150323,-87.19396284967651
have,4.96,5.27175,22.512804018333554,5.2942628040183335,334.26280401833355
been,5.12,5.27175,22.512804018333554,5.2942628040183335,174.26280401833338
laid,5.41,5.59125,21.350684110075235,5.612600684110075,202.6006841100747
in,5.53,5.751,20.13699384406209,5.771136993844062,241.13699384406218
little,5.72,5.91075,20.29973897151649,5.931049738971517,211.04973897151692
drops,6.2,6.39,19.34944884851575,6.409349448848515,209.34944884851524
or,6.24,6.54975,19.355150870978832,6.569105150870979,329.105150870979
ponds,6.94,6.86925,22.71910198032856,6.891969101980329,-48.03089801967175
so,7.48,7.668,19.842573907226324,7.6878425739072265,207.84257390722604
that,7.68,7.82775,20.16164711676538,7.847911647116765,167.91164711676566
the,7.77,7.9875,20.189706003293395,8.007689706003294,237.68970600329453
pigment,8.22,8.307,20.176483085379004,8.32717648308538,107.17648308537875
might,8.41,8.46675,20.203541964292526,8.486953541964292,76.95354196429172
crystallize,8.99,9.2655,20.02458507195115,9.28552458507195,295.52458507195036
hard,9.39,9.74475,20.488525042310357,9.76523852504231,375.23852504230956
at,9.58,9.74475,20.488525042310357,9.76523852504231,185.23852504231007
the,9.67,9.74475,20.488525042310357,9.76523852504231,95.23852504231023
edge,10.14,10.65,18.518593860790133,10.66851859386079,528.5185938607899
the,0.84,1.11825,39.64055911637843,1.1578905591163784,317.8905591163784
head,1.03,1.278,35.9512809664011,1.3139512809664011,283.9512809664011
of,1.14,1.278,35.9512809664011,1.3139512809664011,173.9512809664012
a,1.21,1.5975,20.32423112541437,1.6178242311254143,407.8242311254143
parrot,1.67,1.917,20.073781022801995,1.937073781022802,267.0737810228021
with,1.97,2.2365,19.37295193783939,2.2558729519378393,285.87295193783933
a,2.03,2.39625,20.537666976451874,2.416787666976452,386.7876669764523
little,2.23,2.39625,20.537666976451874,2.416787666976452,186.7876669764521
flower,2.68,2.71575,19.603113178163767,2.7353531131781637,55.3531131781635
in,2.81,3.03525,20.814030896872282,3.0560640308968723,246.06403089687223
his,3.02,3.03525,20.814030896872282,3.0560640308968723,36.06403089687227
beak,3.36,3.5145,19.574390025809407,3.5340743900258094,174.0743900258095
from,3.51,3.67425,20.189383067190647,3.6944393830671904,184.43938306719065
a,3.57,3.834,19.913238007575274,3.8539132380075753,283.9132380075755
picture,3.88,3.99375,19.41452408209443,4.013164524082095,133.16452408209489
of,3.98,4.1535,19.312512129545212,4.172812512129545,192.8125121295454
one,5.94,6.23025,22.548465058207512,6.252798465058207,312.79846505820694
of,6.01,6.23025,22.548465058207512,6.252798465058207,242.79846505820757
his,6.14,6.23025,22.548465058207512,6.252798465058207,112.79846505820768
series,6.62,6.86925,21.455841837450862,6.890705841837451,270.70584183745086
of,6.71,6.86925,21.455841837450862,6.890705841837451,180.70584183745098
the,6.78,7.029,20.370034035295248,7.049370034035295,269.3700340352949
life,7.13,7.18875,19.82451812364161,7.208574518123641,78.57451812364147
of,7.22,7.3485,19.283292815089226,7.367783292815089,147.78329281508906
saint,7.48,7.668,21.663771010935307,7.6896637710109355,209.66377101093502
george,8.05,7.9875,19.392963964492083,8.006892963964493,-43.10703603550792
then,0.8,0.9585,27.402658946812153,0.9859026589468122,185.90265894681212
he,0.9,1.11825,27.199028991162777,1.1454490289911627,245.44902899116272
comes,1.2,1.278,24.811613839119673,1.3028116138391197,102.81161383911974
to,1.28,1.43775,21.6652131639421,1.4594152131639422,179.41521316394216
the,1.39,1.5975,19.800977082923055,1.617300977082923,227.30097708292308
beak,1.66,1.917,21.877332823351026,1.938877332823351,278.87733282335114
of,1.79,1.917,21.877332823351026,1.938877332823351,148.87733282335103
it,1.91,2.07675,19.733279943466187,2.0964832799434663,186.48327994346636
the,0.59,0.79875,24.134133011102676,0.8228841330111026,232.88413301110268
brown,0.94,1.278,33.28509605489671,1.3112850960548967,371.28509605489677
ground,1.28,1.278,33.28509605489671,1.3112850960548967,31.285096054896712
beneath,1.7,1.5975,23.540543857961893,1.6210405438579618,-78.95945614203814
left,2.26,2.39625,20.02875506877899,2.416278755068779,156.27875506877942
for,2.39,2.556,19.73469997756183,2.575734699977562,185.73469997756175
the,2.47,2.71575,20.404350943863392,2.7361543509438633,266.1543509438631
most,2.76,2.71575,20.404350943863392,2.7361543509438633,-23.84564905613651
part,3.05,3.03525,19.250328885391355,3.0545003288853914,4.500328885391536
one,3.98,4.1535,19.592200871556997,4.173092200871557,193.0922008715572
touch,4.23,4.63275,20.000338088721037,4.652750338088721,422.7503380887203
of,4.35,4.63275,20.000338088721037,4.652750338088721,302.7503380887211
black,4.77,4.7925,20.346876932308078,4.8128468769323085,42.84687693230893
is,4.9,5.27175,21.365483989939094,5.293115483989939,393.1154839899387
put,5.16,5.27175,21.365483989939094,5.293115483989939,133.1154839899389
for,5.28,5.4315,21.111353999003768,5.4526113539990035,172.61135399900328
the,5.36,5.59125,20.964578026905656,5.612214578026905,252.21457802690495
hollow,5.84,5.91075,23.340021958574653,5.934090021958575,94.09002195857497
delicate,6.77,7.18875,21.119890036061406,7.209869890036061,439.8698900360616
lines,7.12,7.18875,21.119890036061406,7.209869890036061,89.86989003606105
of,7.23,7.3485,19.678992917761207,7.368178992917761,138.17899291776035
dark,7.52,7.50825,19.598033977672458,7.527848033977673,7.848033977673197
gray,7.87,8.14725,19.858581013977528,8.167108581013977,297.1085810139771
define,8.24,8.46675,20.759742939844728,8.487509742939844,247.50974293984385
the,8.38,8.46675,20.759742939844728,8.487509742939844,107.50974293984328
outer,8.61,9.10575,20.058631896972656,9.125808631896973,515.8086318969737
curve,9.07,9.2655,19.71572800539434,9.285215728005394,215.21572800539346
and,9.83,9.9045,20.090450067073107,9.924590450067074,94.59045006707356
one,10.01,10.224,19.61683202534914,10.24361683202535,233.61683202534954
little,10.29,10.38375,19.635678036138415,10.403385678036138,113.38567803613842
quivering,10.76,10.863,19.828009186312556,10.882828009186312,122.82800918631231
touch,11.06,11.34225,19.631389062851667,11.361881389062852,301.8813890628511
of,11.16,11.34225,19.631389062851667,11.361881389062852,201.88138906285147
white,11.68,11.66175,19.813974853605032,11.681563974853605,1.5639748536049325
inner,12.7,12.93975,21.364869084209204,12.96111486908421,261.11486908421
edge,13.0,13.0995,22.33453281223774,13.121834532812239,121.83453281223855
of,13.07,13.25925,20.35311097279191,13.279603110972792,209.6031109727914
the,13.14,13.419,20.115235820412636,13.439115235820413,299.1152358204125
mandible,13.74,13.7385,21.955145057290792,13.760455145057291,20.455145057290736
for,0.78,1.11825,25.061049964278936,1.143311049964279,363.3110499642789
believe,1.27,1.43775,22.675461834296584,1.4604254618342967,190.42546183429664
me,1.57,1.5975,19.889081828296185,1.617389081828296,47.38908182829604
the,2.14,2.556,19.585428992286325,2.5755854289922864,435.58542899228627
final,2.46,2.71575,21.635958924889565,2.7373859589248895,277.3859589248895
philosophy,3.06,3.35475,20.721897948533297,3.3754718979485334,315.47189794853335
of,3.19,3.35475,20.721897948533297,3.3754718979485334,185.47189794853347
art,3.45,3.834,21.914453944191337,3.8559144539441914,405.9144539441912
can,3.6,3.834,21.914453944191337,3.8559144539441914,255.91445394419134
only,3.82,3.834,21.914453944191337,3.8559144539441914,35.91445394419157
ratify,4.34,4.473,19.44228308275342,4.492442283082753,152.44228308275342
their,4.53,4.7925,19.261139910668135,4.811761139910669,281.7611399106683
opinion,5.01,5.27175,20.156988874077797,5.291906988874078,281.90698887407797
that,5.21,5.27175,20.156988874077797,5.291906988874078,81.90698887407777
the,5.27,5.4315,20.13747487217188,5.451637474872172,181.63747487217208
beauty,5.63,5.751,20.29660902917385,5.771296609029174,141.2966090291743
of,5.74,5.91075,20.312887150794268,5.931062887150794,191.0628871507942
a,5.81,6.23025,20.37479798309505,6.250624797983095,440.6247979830953
cock,6.14,6.39,21.241077920421958,6.411241077920422,271.24107792042196
robin,6.51,6.7095,19.334832904860377,6.728834832904861,218.83483290486083
is,6.66,6.86925,19.440630916506052,6.888690630916506,228.690630916506
to,6.75,7.029,20.75987495481968,7.04975987495482,299.75987495481957
be,6.88,7.029,20.75987495481968,7.04975987495482,169.7598749548197
and,8.37,8.6265,20.594093948602676,8.647094093948603,277.09409394860353
of,8.46,8.6265,20.594093948602676,8.647094093948603,187.09409394860188
a,8.52,8.78625,19.54902894794941,8.80579902894795,285.7990289479506
grass,8.89,9.10575,21.750454790890217,9.12750045479089,237.5004547908901
plot,9.21,9.2655,21.54417405836284,9.287044174058362,77.04417405836139
to,9.29,9.42525,19.302061991766095,9.444552061991766,154.55206199176706
be,9.41,9.585,19.501870032399893,9.6045018700324,194.5018700324006
green,9.92,9.74475,19.45624779909849,9.764206247799098,-155.79375220090162
and,11.01,11.1825,21.16747386753559,11.203667473867535,193.66747386753502
the,11.08,11.1825,21.16747386753559,11.203667473867535,123.66747386753474
best,11.32,11.34225,21.20811096392572,11.363458110963926,43.45811096392538
skill,11.6,11.8215,21.44611906260252,11.842946119062603,242.9461190626032
of,11.75,11.98125,20.170497940853238,12.001420497940853,251.42049794085253
art,11.95,12.141,20.060667069628835,12.161060667069629,211.06066706962957
is,12.15,12.30075,19.985378021374345,12.320735378021375,170.73537802137474
seizing,13.44,13.57875,19.403679994866252,13.598153679994866,158.1536799948662
on,13.53,13.7385,20.711801014840603,13.75921180101484,229.2118010148414
the,13.61,13.7385,20.711801014840603,13.75921180101484,149.21180101484134
manifold,14.23,14.3775,20.470570074394345,14.397970570074394,167.97057007439344
of,15.09,15.17625,19.383179023861885,15.195633179023861,105.6331790238616
light,15.51,15.49575,20.078846951946616,15.515828846951946,5.828846951946076
which,16.42,16.45425,20.205368055030704,16.47445536805503,54.455368055027265
you,16.49,16.77375,18.699337961152196,16.792449337961152,302.44933796115345
can,16.62,16.9335,21.999930031597614,16.955499930031596,335.4999300315953
only,16.88,16.9335,21.999930031597614,16.955499930031596,75.49993003159727
by,17.42,17.5725,20.874305861070752,17.593374305861072,173.3743058610706
precision,18.1,18.2115,20.101352129131556,18.231601352129132,131.60135212913104
of,18.63,18.8505,20.52301401272416,18.871023014012724,241.0230140127254
instantaneous,19.71,20.1285,20.425454014912248,20.14892545401491,438.9254540149103
touch,20.23,20.1285,20.425454014912248,20.14892545401491,-81.07454598508923
now,0.68,0.9585,25.216475129127502,0.9837164751291275,303.71647512912745
you,0.83,1.11825,26.791556039825082,1.145041556039825,315.0415560398251
will,0.94,1.11825,26.791556039825082,1.145041556039825,205.0415560398251
see,1.16,1.278,25.030181976035237,1.3030301819760353,143.03018197603535
in,1.27,1.5975,20.25600499473512,1.617756004994735,347.756004994735
these,1.41,1.75725,20.052616018801928,1.777302616018802,367.302616018802
studies,1.87,2.07675,18.874662928283215,2.0956246629282833,225.62466292828321
the,2.11,2.39625,20.406083203852177,2.4166560832038524,306.6560832038525
moment,2.47,2.39625,20.406083203852177,2.4166560832038524,-53.34391679614781
the,2.56,2.8755,18.8939122017473,2.8943939122017475,334.3939122017474
white,2.83,3.03525,18.981150817126036,3.054231150817126,224.23115081712598
is,2.96,3.195,19.327065208926797,3.2143270652089266,254.32706520892668
properly,4.08,4.1535,20.18094900995493,4.173680949009955,93.68094900995504
and,4.55,4.63275,20.163004053756595,4.652913004053756,102.91300405375648
with,5.27,5.4315,19.944841042160988,5.451444841042161,181.4448410421612
the,5.4,5.59125,19.908285001292825,5.611158285001292,211.15828500129209
other,5.6,5.59125,19.908285001292825,5.611158285001292,11.15828500129279
hues,6.18,6.23025,20.95846994780004,6.2512084699478,71.20846994780017
it,6.68,7.029,21.29605901427567,7.050296059014276,370.2960590142759
becomes,7.02,7.18875,20.12801100499928,7.208878011004999,188.87801100499945
somehow,7.42,7.50825,23.559001041576266,7.531809001041577,111.80900104157665
more,7.61,7.82775,19.642870873212814,7.847392870873213,237.39287087321247
precious,8.19,8.14725,21.18153078481555,8.168431530784815,-21.568469215184294
and,8.31,8.6265,18.83087703026831,8.645330877030268,335.33087703026786
pearly,8.86,8.946,18.91686604358256,8.964916866043582,104.91686604358286
than,9.42,9.585,18.809840083122253,9.603809840083123,183.80984008312316
the,9.52,9.74475,19.199423026293516,9.763949423026293,243.94942302629374
white,9.73,9.9045,19.05928598716855,9.923559285987169,193.55928598716866
paper,10.23,10.06425,21.438956959173083,10.085688956959173,-144.31104304082788
and,11.39,11.502,20.150590920820832,11.522150590920822,132.15059092082095
that,11.51,11.66175,19.799327943474054,11.681549327943474,171.54932794347388
i,11.65,11.8215,18.804451916366816,11.840304451916367,190.30445191636682
am,11.8,11.98125,18.822096986696124,12.000072096986695,200.0720969866947
not,12.01,12.141,18.789068097248673,12.159789068097249,149.7890680972489
to,12.49,12.78,19.802883034572005,12.799802883034571,309.80288303457115
leave,12.7,12.78,19.802883034572005,12.799802883034571,99.80288303457208
a,12.75,13.0995,18.803478917106986,13.118303478917108,368.3034789171078
whole,13.03,13.25925,18.885022029280663,13.27813502202928,248.13502202928106
field,13.41,13.57875,18.85922998189926,13.597609229981899,187.60922998189855
of,13.5,13.7385,19.08795698545873,13.757587956985459,257.5879569854589
untreated,14.04,14.21775,20.154308062046766,14.237904308062047,197.9043080620482
white,14.28,14.3775,20.08422091603279,14.397584220916032,117.58422091603293
paper,14.65,14.697,20.12362307868898,14.717123623078688,67.1236230786878
all,14.86,15.17625,21.255729952827096,15.197505729952827,337.5057299528272
round,15.16,15.17625,21.255729952827096,15.197505729952827,37.50572995282653
it,15.29,15.49575,19.395363982766867,15.515145363982766,225.14536398276698
being,16.03,16.13475,18.789926078170538,16.15353992607817,123.53992607816977
sure,16.33,16.45425,18.897644011303782,16.473147644011302,143.14764401130375
that,16.62,16.614,18.862462835386395,16.632862462835387,12.862462835386168
even,17.2,17.253,18.738576909527183,17.271738576909527,71.738576909528
the,17.3,17.41275,18.779132049530745,17.43152913204953,131.5291320495291
little,17.54,17.5725,18.822829937562346,17.591322829937564,51.32282993756476
in,18.16,18.37125,19.959679106250405,18.39120967910625,231.20967910625012
the,18.26,18.37125,19.959679106250405,18.39120967910625,131.2096791062487
round,18.54,18.69075,18.877571914345026,18.709627571914346,169.6275719143472
window,18.97,19.01025,18.642931943759322,19.02889293194376,58.89293194375966
will,19.12,19.32975,18.753818003460765,19.34850381800346,228.50381800346042
tell,19.57,19.4895,18.72058305889368,19.508220583058893,-61.779416941107
jewels,20.41,20.448,20.226008957251906,20.468226008957252,58.22600895725216
if,20.9,21.087,21.16912417113781,21.108169124171138,208.16912417113898
they,21.02,21.4065,22.348314989358187,21.42884831498936,408.8483149893598
are,21.17,21.4065,22.348314989358187,21.42884831498936,258.8483149893577
but,0.65,0.9585,24.68531602062285,0.9831853160206229,333.18531602062285
in,0.8,0.9585,24.68531602062285,0.9831853160206229,183.18531602062282
this,1.02,1.11825,23.391027003526688,1.1416410270035267,121.64102700352663
copied,2.07,2.2365,20.638924092054367,2.2571389240920543,187.13892409205445
from,2.23,2.39625,20.466031972318888,2.416716031972319,186.71603197231912
turner,2.72,2.8755,20.45968407765031,2.8959596840776505,175.95968407765028
you,3.4,3.67425,21.40309987589717,3.695653099875897,295.65309987589706
have,3.54,3.67425,21.40309987589717,3.695653099875897,155.65309987589694
the,3.62,3.834,20.178849808871746,3.854178849808872,234.17884980887172
two,3.82,3.99375,20.1839089859277,4.013933908985928,193.9339089859282
principles,4.45,4.473,21.30743907764554,4.494307439077645,44.30743907764523
brought,4.89,4.95225,20.265802973881364,4.972515802973882,82.51580297388195
out,5.08,5.27175,20.209491020068526,5.2919594910200685,211.95949102006838
perfectly,5.74,5.751,20.20962000824511,5.7712096200082454,31.20962000824523
they,0.63,0.9585,26.246613124385476,0.9847466131243855,354.7466131243855
are,0.77,0.9585,26.246613124385476,0.9847466131243855,214.74661312438548
beyond,1.07,1.11825,25.897327112033963,1.144147327112034,74.14732711203386
all,1.32,1.43775,23.199658142402768,1.4609496581424029,140.9496581424028
other,1.51,1.75725,18.83864402770996,1.77608864402771,266.0886440277099
works,1.85,2.07675,18.939726985991,2.095689726985991,245.689726985991
i,2.06,2.2365,20.153149031102657,2.2566531490311026,196.65314903110254
know,2.26,2.39625,18.886620178818703,2.415136620178819,155.13662017881913
existing,2.94,2.8755,19.116518087685108,2.8946165180876853,-45.38348191231467
dependent,3.85,3.99375,19.038096070289612,4.01278809607029,162.78809607028987
for,3.95,4.1535,18.891001818701625,4.172391001818702,222.39100181870162
their,4.11,4.31325,18.937934190034866,4.332187934190035,222.18793419003458
effect,4.53,4.63275,18.94920808263123,4.651699208082631,121.69920808263069
on,4.73,4.7925,19.096988020464778,4.811596988020465,81.59698802046478
low,4.99,5.27175,20.03437909297645,5.291784379092976,301.78437909297617
subdued,5.7,5.751,18.95129377953708,5.769951293779537,69.95129377953724
tones,6.33,6.23025,21.083190105855465,6.251333190105855,-78.66680989414476
their,7.27,7.50825,19.985726103186607,7.528235726103187,258.23572610318735
favorite,7.65,7.82775,20.10535099543631,7.847855350995436,197.85535099543594
choice,7.97,8.307,20.081324968487024,8.327081324968487,357.08132496848765
in,8.08,8.46675,21.22106496244669,8.487971064962446,407.97106496244595
time,8.37,8.46675,21.22106496244669,8.487971064962446,117.9710649624468
of,8.5,8.6265,20.091793034225702,8.646591793034226,146.59179303422576
day,8.76,9.10575,19.01006605476141,9.124760066054762,364.7600660547621
being,9.08,9.10575,19.01006605476141,9.124760066054762,44.76006605476179
either,9.45,9.585,20.08559205569327,9.605085592055694,155.08559205569483
dawn,9.82,10.06425,18.849873915314674,10.083099873915314,263.0998739153139
or,9.91,10.06425,18.849873915314674,10.083099873915314,173.099873915314
twilight,10.6,10.5435,18.907705089077353,10.562407705089077,-37.59229491092242
and,11.48,11.8215,20.392163889482617,11.841892163889483,361.8921638894825
even,11.7,11.8215,20.392163889482617,11.841892163889483,141.89216388948367
their,11.82,11.98125,18.869467079639435,12.000119467079639,180.11946707963844
brightest,12.23,12.62025,20.69707098416984,12.64094707098417,410.94707098416984
produced,13.29,13.57875,18.839653115719557,13.597589653115719,307.58965311571984
chiefly,13.83,13.89825,19.041931023821235,13.917291931023822,87.29193102382204
out,13.92,14.058,18.89694994315505,14.076896949943155,156.89694994315494
of,14.04,14.21775,19.022767897695303,14.236772767897696,196.77276789769672
gray,14.24,14.53725,20.00243403017521,14.557252434030175,317.2524340301752
paper,14.72,15.19,18.532373942434788,15.208532373942434,488.53237394243365
it,0.62,0.9585,24.895281065255404,0.9833952810652554,363.3952810652554
may,0.79,0.9585,24.895281065255404,0.9833952810652554,193.39528106525538
be,1.01,1.11825,23.515912937000394,1.1417659129370004,131.76591293700034
that,1.19,1.278,23.410907946527004,1.301410907946527,111.41090794652709
a,1.26,1.5975,19.986320985481143,1.617486320985481,357.48632098548103
great,1.51,1.5975,19.986320985481143,1.617486320985481,107.48632098548106
will,2.83,3.03525,19.09297681413591,3.054342976814136,224.34297681413585
use,3.11,3.35475,20.131730940192938,3.374881730940193,264.88173094019317
his,3.32,3.35475,20.131730940192938,3.374881730940193,54.88173094019322
utmost,3.76,4.1535,18.990454031154513,4.172490454031155,412.4904540311549
force,4.06,4.31325,20.146395079791546,4.333396395079792,273.39639507979194
of,4.18,4.31325,20.146395079791546,4.333396395079792,153.39639507979186
color,4.59,5.27175,19.502543145790696,5.291252543145791,701.2525431457908
as,5.14,5.27175,19.502543145790696,5.291252543145791,151.25254314579095
a,5.2,5.4315,19.181790063157678,5.4506817900631575,250.68179006315728
singer,5.57,5.751,22.255362011492252,5.773255362011493,203.2553620114923
his,5.73,6.0705,18.921144073829055,6.089421144073829,359.42114407382866
full,5.98,6.23025,18.97180383093655,6.249221803830936,269.221803830936
power,6.34,6.39,19.105666084215045,6.409105666084215,69.10566608421487
of,6.44,6.54975,19.194443942978978,6.568944443942979,128.94444394297898
voice,6.99,6.86925,20.294777117669582,6.88954477711767,-100.45522288233056
but,8.19,8.307,20.100451074540615,8.327100451074541,137.1004510745415
loud,8.92,9.10575,21.075489930808544,9.126825489930809,206.82548993080906
or,9.1,9.42525,18.92586308531463,9.444175863085315,344.1758630853151
low,9.49,9.585,20.123418187722564,9.605123418187723,115.1234181877232
the,10.19,10.38375,18.889334052801132,10.4026393340528,212.6393340528008
virtue,10.61,10.863,20.533302100375295,10.883533302100375,273.5333021003754
is,10.75,10.863,20.533302100375295,10.883533302100375,133.53330210037484
in,10.88,11.1825,20.187695045024157,11.202687695045023,322.68769504502256
both,11.13,11.1825,20.187695045024157,11.202687695045023,72.6876950450226
cases,11.57,11.66175,19.514352083206177,11.681264352083206,111.26435208320551
always,11.93,11.98125,21.16423984989524,12.002414239849895,72.41423984989481
in,12.07,12.30075,20.188694819808006,12.320938694819809,250.93869481980846
never,13.38,13.419,20.319438073784113,13.439319438073785,59.319438073783815
in,13.5,13.7385,18.9814658369869,13.757481465836987,257.48146583698707
loudness,14.14,14.058,21.032001124694943,14.079032001124695,-60.967998875305796
it,0.62,0.79875,23.377737030386925,0.8221277370303869,202.1277370303869
must,1.02,0.9585,23.09815096668899,0.981598150966689,-38.40184903331101
remember,1.41,1.43775,23.600089829415083,1.4613500898294152,51.350089829415246
be,1.57,1.75725,18.957867054268718,1.7762078670542687,206.20786705426863
one,1.9,2.07675,19.46857199072838,2.0962185719907285,196.21857199072855
or,2.13,2.39625,20.01147484406829,2.4162614748440685,286.26147484406863
the,2.26,2.39625,20.01147484406829,2.4162614748440685,156.26147484406872
other,2.62,2.556,20.621686009690166,2.57662168600969,-43.37831399030989
do,0.63,0.9585,26.514776051044464,0.9850147760510445,355.01477605104446
not,0.93,0.9585,26.514776051044464,0.9850147760510445,55.014776051044436
therefore,1.51,1.278,37.36992506310344,1.3153699250631035,-194.63007493689653
think,2.18,2.2365,21.22614486142993,2.25772614486143,77.7261448614297
that,2.33,2.39625,20.982562098652124,2.4172325620986523,87.23256209865227
the,2.41,2.556,20.85719211027026,2.5768571921102703,166.85719211027018
gothic,2.81,3.195,19.98585695400834,3.214985856954008,404.9858569540081
easy,3.57,3.834,21.0119450930506,3.8550119450930507,285.0119450930508
one,3.88,3.99375,20.97775600850582,4.014727756008506,134.72775600850628
the,0.62,0.79875,24.916765047237277,0.8236667650472372,203.66676504723725
law,0.89,1.11825,26.109603000804782,1.1443596030008047,254.35960300080473
of,1.01,1.11825,26.109603000804782,1.1443596030008047,134.35960300080473
that,1.19,1.278,24.43145401775837,1.3024314540177584,112.43145401775845
school,1.54,1.5975,19.78997210972011,1.61728997210972,77.28997210972
that,1.79,1.917,19.974689930677414,1.9369746899306775,146.9746899306774
everything,2.16,2.2365,19.831234123557806,2.2563312341235577,96.33123412355759
shall,2.36,2.556,20.032553002238274,2.5760325530022383,216.03255300223844
be,2.48,2.556,20.032553002238274,2.5760325530022383,96.03255300223834
seen,2.77,2.8755,20.03786712884903,2.895537867128849,125.53786712884917
clearly,3.36,3.35475,18.97491794079542,3.3737249179407955,13.724917940795667
or,3.81,4.1535,22.627932019531727,4.176127932019532,366.12793201953184
at,3.9,4.1535,22.627932019531727,4.176127932019532,276.127932019532
least,4.29,4.1535,22.627932019531727,4.176127932019532,-113.87206798046812
only,4.97,4.95225,21.332857897505164,4.973582857897505,3.5828578975056757
in,5.08,5.4315,20.47001291066408,5.451970012910664,371.9700129106638
such,5.37,5.4315,20.47001291066408,5.451970012910664,81.97001291066374
mist,5.74,5.91075,18.95064301788807,5.929700643017888,189.700643017888
or,5.81,6.0705,18.888236954808235,6.089388236954808,279.38823695480863
faintness,6.32,6.39,20.011837827041745,6.410011837827041,90.01183782704115
as,6.44,6.54975,19.075416028499603,6.5688254160285,128.8254160284996
shall,6.66,6.7095,18.974702106788754,6.728474702106789,68.47470210678885
be,6.83,6.86925,18.914598040282726,6.888164598040283,58.16459804028273
delightful,7.56,7.50825,19.01585701853037,7.527265857018531,-32.73414298146893
and,9.33,9.585,21.32375189103186,9.606323751891033,276.32375189103266
i,9.4,9.585,21.32375189103186,9.606323751891033,206.32375189103237
have,9.59,9.74475,20.169296069070697,9.76491929606907,174.91929606907064
no,9.74,9.9045,20.17696714028716,9.924676967140288,184.67696714028747
doubt,10.1,10.06425,20.199841121211648,10.084449841121211,-15.550158878788523
that,10.25,10.38375,20.1927509624511,10.40394275096245,153.94275096245025
the,10.32,10.5435,20.172493066638708,10.563672493066639,243.6724930666383
best,10.63,10.70325,21.290446165949106,10.72454044616595,94.54044616594892
introduction,11.25,11.34225,19.101120065897703,11.361351120065898,111.35112006589765
to,11.48,11.502,18.999245949089527,11.52099924594909,40.99924594908977
it,11.63,11.66175,19.035711186006665,11.680785711186006,50.7857111860055
would,12.06,12.141,19.306556088849902,12.16030655608885,100.30655608884942
be,12.17,12.30075,19.621369894593954,12.320371369894595,150.37136989459475
the,12.35,12.4605,19.130241125822067,12.479630241125822,129.63024112582212
practice,13.32,13.57875,20.164437126368284,13.598914437126368,278.91443712636743
of,13.43,13.57875,20.164437126368284,13.598914437126368,168.914437126368
painting,13.82,13.89825,20.757619058713317,13.919007619058714,99.00761905871391
every,14.08,14.3775,19.091087859123945,14.396591087859123,316.5910878591234
study,14.5,14.697,19.910624949261546,14.71691062494926,216.91062494926072
on,14.6,14.85675,21.428674925118685,14.878178674925119,278.1786749251189
a,14.65,14.85675,21.428674925118685,14.878178674925119,228.17867492511823
golden,15.1,15.336,20.215420983731747,15.356215420983732,256.21542098373243
ground,15.62,15.49575,20.394190913066268,15.516144190913066,-103.8558090869337
this,0.83,0.9585,23.598817875608802,0.9820988178756088,152.09881787560886
at,0.91,1.278,32.129572005942464,1.3101295720059425,400.12957200594246
once,1.18,1.278,32.129572005942464,1.3101295720059425,130.12957200594255
compels,1.67,1.75725,19.12153186276555,1.7763715318627655,106.37153186276561
you,1.77,1.917,19.080969039350748,1.9360809690393508,166.08096903935078
to,1.88,2.07675,19.013258162885904,2.095763258162886,215.7632581628861
understand,2.52,2.39625,20.283506019040942,2.416533506019041,-103.46649398095886
that,2.66,2.71575,19.256450003013015,2.735006450003013,75.00645000301276
the,2.76,2.8755,18.896697089076042,2.894396697089076,134.3966970890764
work,3.1,3.195,18.946360098198056,3.213946360098198,113.9463600981978
is,3.26,3.35475,19.322823965921998,3.374072823965922,114.07282396592234
to,3.36,3.5145,20.3922800719738,3.5348922800719738,174.8922800719739
be,3.51,3.67425,20.221497863531113,3.694471497863531,184.4714978635311
imaginative,4.28,4.31325,19.28630005568266,4.332536300055683,52.53630005568244
and,4.43,4.7925,19.12934402935207,4.8116293440293525,381.62934402935275
decorative,5.08,5.112,19.690186018124223,5.131690186018124,51.69018601812425
that,5.76,5.91075,19.594685873016715,5.930344685873017,170.3446858730171
it,5.84,6.0705,19.461814081296325,6.089961814081296,249.96181408129647
represents,6.32,6.54975,20.14960302039981,6.5698996030204,249.89960302039992
beautiful,6.75,6.86925,20.35684883594513,6.889606848835945,139.60684883594521
in,7.71,7.9875,20.12460818514228,8.007624608185143,297.624608185143
the,7.79,7.9875,20.12460818514228,8.007624608185143,217.62460818514296
clearest,8.25,8.307,19.12232395261526,8.326122323952616,76.12232395261564
way,8.59,8.6265,19.02355393394828,8.645523553933948,55.52355393394848
but,9.21,9.42525,19.726983038708568,9.444976983038709,234.97698303870783
not,9.41,9.585,19.98963300138712,9.604989633001388,194.98963300138783
under,9.66,9.74475,18.929047975689173,9.763679047975689,103.67904797568883
existing,10.12,10.224,19.059112994000316,10.243059112994,123.0591129940013
conditions,10.88,10.863,19.074582029134035,10.882074582029134,2.0745820291327988
and,11.64,11.8215,19.13282787427306,11.840632827874273,200.63282787427283
that,11.94,11.98125,18.871564883738756,12.000121564883738,60.12156488373854
in,12.77,13.0995,20.175201119855046,13.119675201119856,349.6752011198563
fact,13.24,13.0995,20.175201119855046,13.119675201119856,-120.32479888014436
you,13.78,14.058,20.42725612409413,14.078427256124094,298.4272561240946
are,13.85,14.058,20.42725612409413,14.078427256124094,228.4272561240943
producing,14.32,14.3775,19.25060711801052,14.39675060711801,76.75060711800974
work,15.07,15.17625,19.106788095086813,15.195356788095086,125.3567880950861
rather,15.32,15.336,21.067950874567032,15.357067950874567,37.067950874567046
than,15.48,15.6555,20.38466092199087,15.67588466092199,195.88466092199042
pictures,16.08,15.975,21.29710605368018,15.99629710605368,-83.70289394631847
restrained,1.82,1.917,19.363115075975657,1.9363631150759757,116.36311507597563
or,1.9,2.07675,19.180839881300926,2.095930839881301,195.9308398813011
severe,2.43,2.556,19.82901315204799,2.575829013152048,145.82901315204788
does,2.59,2.8755,20.425932947546244,2.8959259329475464,305.9259329475465
not,2.79,2.8755,20.425932947546244,2.8959259329475464,105.92593294754637
mean,3.05,3.195,19.540805835276842,3.2145408058352767,164.54080583527687
that,3.19,3.35475,19.361343001946807,3.374111343001947,184.11134300194698
it,3.29,3.5145,20.358941983431578,3.5348589419834315,244.8589419834315
is,3.46,3.67425,21.357452031224966,3.6956074520312248,235.6074520312248
also,3.76,3.834,22.125025978311896,3.856125025978312,96.12502597831218
erroneous,4.45,4.473,20.655425963923335,4.493655425963923,43.65542596392302
in,0.65,0.79875,23.52662105113268,0.8222766210511326,172.27662105113262
all,0.95,0.9585,24.72877618856728,0.9832287761885673,33.228776188567345
early,1.26,1.5975,19.248328870162368,1.6167483288701623,356.74832887016225
gothic,1.67,1.917,19.192036939784884,1.936192036939785,266.192036939785
art,1.91,2.2365,19.133170135319233,2.255633170135319,345.63317013531923
indeed,2.32,2.39625,20.43398912064731,2.4166839891206475,96.68398912064768
you,2.4,2.71575,20.19415283575654,2.7359441528357564,335.94415283575654
will,2.52,2.71575,20.19415283575654,2.7359441528357564,215.9441528357564
find,2.84,2.8755,19.02660191990435,2.8945266019199045,54.526601919904664
failure,3.22,3.5145,20.211355993524194,3.534711355993524,314.71135599352397
of,3.33,3.5145,20.211355993524194,3.534711355993524,204.71135599352408
this,3.5,3.67425,19.193515880033374,3.693443515880033,193.44351588003317
kind,3.91,3.834,19.03221709653735,3.8530322170965374,-56.96778290346272
especially,4.71,4.7925,19.826642936095595,4.812326642936096,102.32664293609605
distortion,5.32,5.751,20.337664056569338,5.77133766405657,451.3376640565694
and,5.45,5.751,20.337664056569338,5.77133766405657,321.3376640565695
rigidity,6.06,6.23025,20.26881300844252,6.250518813008442,190.51881300844275
which,6.62,6.7095,20.230920985341072,6.729730920985341,109.73092098534121
are,6.77,7.029,19.244876923039556,7.0482448769230395,278.2448769230399
in,6.99,7.3485,21.483404096215963,7.3699834040962156,379.98340409621534
many,7.2,7.3485,21.483404096215963,7.3699834040962156,169.98340409621537
respects,7.61,7.82775,20.222472958266735,7.847972472958267,237.9724729582664
painfully,8.18,8.307,20.08324395865202,8.327083243958652,147.0832439586527
to,8.29,8.46675,21.39248396269977,8.488142483962699,198.14248396269994
be,8.41,8.46675,21.39248396269977,8.488142483962699,78.14248396269896
compared,8.9,9.10575,21.524776937440038,9.12727477693744,227.27477693744015
with,9.07,9.10575,21.524776937440038,9.12727477693744,57.27477693744021
the,9.14,9.42525,20.129107870161533,9.445379107870162,305.3791078701611
splendid,9.66,9.74475,20.283183082938194,9.765033183082938,105.03318308293785
repose,10.13,10.38375,20.30337485484779,10.404053374854847,274.05337485484614
of,10.23,10.38375,20.30337485484779,10.404053374854847,174.0533748548465
classic,10.74,11.02275,21.271313074976206,11.044021313074976,304.02131307497626
art,11.15,11.1825,21.13180491141975,11.203631804911419,53.63180491141861
the,0.48,0.639,23.337593069300056,0.6623375930693001,182.33759306930008
large,0.81,0.9585,23.247699020430446,0.9817476990204305,171.74769902043042
letter,1.08,1.11825,23.531384067609906,1.1417813840676099,61.7813840676098
contains,1.81,1.75725,18.919751048088074,1.776169751048088,-33.830248951912
indeed,2.34,2.2365,19.99341999180615,2.256493419991806,-83.50658000819378
feeble,3.62,3.67425,21.432828856632113,3.695682828856632,75.6828288566318
and,3.72,3.99375,21.4348619338125,4.015184861933813,295.18486193381267
ill,3.91,4.1535,20.2234189491719,4.173723418949172,263.72341894917196
drawn,4.29,4.31325,21.380807040259242,4.334630807040259,44.630807040259235
figures,4.96,4.95225,18.977730069309473,4.97122773006931,11.227730069309771
that,6.97,7.18875,21.76423789933324,7.210514237899333,240.51423789933324
is,7.09,7.18875,21.76423789933324,7.210514237899333,120.51423789933312
merely,7.41,7.50825,21.411468042060733,7.529661468042061,119.6614680420609
childish,7.97,8.14725,19.04649194329977,8.1662964919433,196.29649194329969
and,8.1,8.46675,19.00747395120561,8.485757473951205,385.75747395120527
failing,8.51,8.6265,20.21708805114031,8.64671708805114,136.7170880511406
work,8.75,8.78625,19.419329008087516,8.805669329008088,55.6693290080883
of,8.83,8.946,19.19331098906696,8.965193310989067,135.19331098906662
an,8.92,9.2655,20.72122716344893,9.286221227163448,366.2212271634484
inferior,9.38,9.585,21.42951008863747,9.606429510088638,226.42951008863753
hand,9.88,9.9045,18.904886906966567,9.923404886906967,43.40488690696631
it,10.52,10.70325,19.424163969233632,10.722674163969234,202.67416396923466
is,10.63,10.863,20.702766021713614,10.883702766021713,253.70276602171236
not,10.88,10.863,20.702766021713614,10.883702766021713,3.702766021712378
characteristic,11.54,11.8215,19.6812660433352,11.841181266043336,301.1812660433364
of,11.65,11.8215,19.6812660433352,11.841181266043336,191.1812660433352
gothic,12.17,12.30075,19.368645967915654,12.320118645967916,150.11864596791645
or,12.63,12.78,19.445606041699648,12.799445606041699,169.44560604169823
any,12.79,12.93975,20.917034009471536,12.960667034009472,170.66703400947247
other,13.01,13.0995,20.671196980401874,13.120171196980403,110.1711969804029
school,13.51,13.93,17.87502015940845,13.947875020159408,437.8750201594084
but,0.84,0.9585,23.483392084017396,0.9819833920840174,141.98339208401745
observe,1.85,1.917,20.676442189142108,1.9376764421891421,87.67644218914205
you,2.31,2.556,20.64046310260892,2.576640463102609,266.6404631026089
can,2.43,2.71575,23.018241161480546,2.7387682411614804,308.76824116148026
only,2.61,2.71575,23.018241161480546,2.7387682411614804,128.76824116148055
do,2.81,2.8755,20.919925067573786,2.896419925067574,86.4199250675739
this,3.03,3.195,21.20486693456769,3.2162048669345675,186.20486693456772
on,3.22,3.5145,22.00749609619379,3.5365074960961937,316.50749609619356
one,3.41,3.5145,22.00749609619379,3.5365074960961937,126.5074960961936
condition,4.05,3.834,20.816739881411195,3.8548167398814113,-195.18326011858855
that,4.77,4.95225,21.122412057593465,4.973372412057594,203.37241205759415
of,4.87,5.112,21.14553889259696,5.133145538892597,263.14553889259696
striving,5.31,5.4315,25.42270510457456,5.456922705104574,146.92270510457473
also,5.67,5.91075,22.61712192557752,5.933367121925578,263.36712192557775
to,5.86,6.0705,21.154648158699274,6.091654648158699,231.65464815869896
create,6.37,6.39,24.096231907606125,6.414096231907606,44.0962319076057
in,6.54,6.86925,22.357661044225097,6.891607661044225,351.60766104422515
reality,7.13,7.18875,20.092106889933348,7.208842106889933,78.8421068899332
the,7.68,7.9875,19.83908610418439,8.007339086104185,327.3390861041854
beauty,8.04,8.14725,20.432430086657405,8.167682430086657,127.68243008665792
which,8.25,8.307,19.80043319053948,8.32680043319054,76.80043319053986
you,8.35,8.78625,20.940693095326424,8.807190693095327,457.19069309532756
in,8.86,9.10575,19.693538080900908,9.125443538080901,265.44353808090193
imagination,9.75,9.585,19.85056698322296,9.604850566983224,-145.1494330167762
it,0.61,0.9585,27.407847112044692,0.9859078471120447,375.90784711204475
will,0.71,0.9585,27.407847112044692,0.9859078471120447,275.90784711204475
be,0.83,0.9585,27.407847112044692,0.9859078471120447,155.90784711204475
wholly,1.21,1.43775,24.45380692370236,1.4622038069237024,252.20380692370247
impossible,1.77,1.75725,19.523179857060313,1.7767731798570603,6.773179857060274
for,1.94,2.07675,19.934138981625438,2.0966841389816255,156.68413898162558
you,2.1,2.39625,20.686992909759283,2.4169369929097595,316.9369929097594
to,2.23,2.39625,20.686992909759283,2.4169369929097595,186.9369929097595
retain,2.6,2.71575,20.377257140353322,2.736127257140353,136.12725714035312
the,2.69,2.8755,19.513196079060435,2.8950131960790606,205.01319607906066
tranquillity,3.35,3.5145,19.74134612828493,3.534241346128285,184.2413461282848
of,3.43,3.67425,19.427856197580695,3.6936778561975805,263.67785619758035
temper,3.87,4.31325,19.579485058784485,4.3328294850587845,462.8294850587844
and,4.0,4.31325,19.579485058784485,4.3328294850587845,332.8294850587845
felicity,4.46,4.63275,21.199768176302314,4.653949768176302,193.94976817630206
of,4.53,4.95225,24.193629156798124,4.976443629156798,446.4436291567981
faith,4.95,5.112,22.6159009616822,5.134615900961682,184.61590096168212
necessary,5.92,6.0705,20.20626305602491,6.090706263056025,170.706263056025
for,6.06,6.23025,19.891544012352824,6.250141544012353,190.14154401235305
noble,6.42,6.86925,19.403197104111314,6.888653197104111,468.6531971041115
painting,7.39,7.3485,20.573666086420417,7.36907366608642,-20.926333913579676
unless,8.58,8.6265,21.35318494401872,8.647853184944019,67.85318494401871
you,8.73,8.78625,22.162710083648562,8.80841271008365,78.41271008364892
are,8.94,8.946,22.62947498820722,8.968629474988207,28.62947498820745
actively,9.74,9.9045,20.279812160879374,9.92477981216088,184.7798121608797
engaged,10.29,10.38375,20.308129023760557,10.40405812902376,114.05812902376056
in,10.37,10.70325,20.29169094748795,10.723541690947489,353.5416909474893
promoting,10.87,11.02275,21.444279933348298,11.044194279933349,174.19427993334935
the,10.96,11.1825,20.26717783883214,11.202767177838831,242.7671778388305
felicity,11.58,11.66175,20.537424134090543,11.68228742413409,102.28742413409009
and,11.75,12.141,20.72523394599557,12.161725233945996,411.72523394599557
peace,12.22,12.30075,22.95232703909278,12.323702327039094,103.70232703909288
of,12.37,12.4605,20.282686920836568,12.480782686920836,110.78268692083704
practical,12.89,13.0995,22.2423339728266,13.121742333972827,231.74233397282683
life,13.52,13.419,20.404813112691045,13.439404813112692,-80.59518688730805
you,0.61,0.9585,25.932569056749344,0.9844325690567494,374.4325690567494
must,0.81,0.9585,25.932569056749344,0.9844325690567494,174.43256905674932
look,1.0,1.11825,25.234142085537314,1.1434841420855373,143.4841420855373
at,1.07,1.278,23.692685877904296,1.3016926858779043,231.69268587790427
him,1.25,1.43775,21.643850952386856,1.459393850952387,209.39385095238694
in,1.35,1.5975,21.441587945446372,1.6189415879454463,268.9415879454462
the,1.44,1.5975,21.441587945446372,1.6189415879454463,178.94158794544634
face,2.18,1.917,20.235802046954632,1.9372358020469547,-242.76419795304548
fight,2.9,3.03525,22.1531770657748,3.057403177065775,157.40317706577488
him,3.21,3.195,21.732861176133156,3.216732861176133,6.7328611761330315
conquer,3.82,4.1535,20.71528392843902,4.174215283928439,354.21528392843936
him,4.14,4.1535,20.71528392843902,4.174215283928439,34.21528392843953
with,5.11,5.27175,20.583504112437367,5.292333504112437,182.33350411243697
what,5.37,5.4315,20.45560791157186,5.451955607911572,81.95560791157152
scathe,5.9,6.23025,20.606476813554764,6.250856476813555,350.85647681355425
you,6.03,6.39,20.329499151557684,6.410329499151557,380.3294991515571
may,6.5,6.54975,20.516248187050223,6.570266248187051,70.26624818705062
you,7.23,7.3485,20.38740203715861,7.368887402037158,138.88740203715776
need,7.42,7.668,22.732085082679987,7.69073208508268,270.7320850826802
not,7.65,7.668,22.732085082679987,7.69073208508268,40.73208508267978
think,7.88,7.9875,20.320989890024066,8.007820989890025,127.82098989002489
to,7.95,8.14725,20.310674095526338,8.167560674095526,217.56067409552583
keep,8.22,8.307,20.688078831881285,8.327688078831882,107.68807883188103
out,8.34,8.46675,20.774816162884235,8.487524816162884,147.52481616288372
of,8.41,8.6265,22.78782380744815,8.649287823807448,239.28782380744806
the,8.5,8.6265,22.78782380744815,8.649287823807448,149.2878238074482
way,8.7,8.946,22.467218805104494,8.968467218805104,268.46721880510495
of,8.83,8.946,22.467218805104494,8.968467218805104,138.46721880510415
him,9.12,9.10575,21.137078059837222,9.126887078059838,6.887078059838458
the,0.62,0.79875,24.34647991321981,0.8230964799132198,203.09647991321978
says,1.77,1.75725,21.628489950671792,1.7788784899506718,8.878489950671753
first,2.61,2.71575,20.52013110369444,2.7362701311036943,126.27013110369445
of,2.72,2.8755,20.163143053650856,2.895663143053651,175.66314305365083
all,2.98,3.03525,20.562896970659494,3.0558128969706595,75.81289697065952
as,3.87,3.99375,20.55273298174143,4.014302732981742,144.30273298174168
my,4.06,4.31325,20.35411400720477,4.333604114007205,273.60411400720517
delicious,4.63,4.7925,20.35276498645544,4.812852764986456,182.85276498645598
paroquet,5.14,5.4315,20.33606101758778,5.4518360610175876,311.8360610175879
was,5.44,5.4315,20.33606101758778,5.4518360610175876,11.836061017587163
ruby,6.0,6.0705,20.594725850969553,6.09109472585097,91.09472585096955
so,7.46,7.668,20.176314981654286,7.688176314981654,228.17631498165446
this,7.62,7.82775,20.358516834676266,7.848108516834676,228.10851683467615
nasty,7.96,8.14725,22.61689817532897,8.169866898175329,209.86689817532866
viper,8.33,8.78625,21.487402031198144,8.807737402031199,477.7374020311988
shall,8.5,8.78625,21.487402031198144,8.807737402031199,307.73740203119894
be,8.61,8.78625,21.487402031198144,8.807737402031199,197.7374020311995
black,9.16,9.10575,20.35286510363221,9.126102865103633,-33.897134896367476
and,10.82,11.02275,21.548044867813587,11.044298044867814,224.2980448678136
then,11.02,11.1825,21.31267311051488,11.203812673110514,183.81267311051454
the,11.23,11.34225,22.786465007811785,11.365036465007812,135.0364650078113
question,11.76,11.66175,20.175437908619642,11.68192543790862,-78.07456209138053
can,12.85,13.0995,21.44176489673555,13.120941764896736,270.9417648967367
i,12.93,13.0995,21.44176489673555,13.120941764896736,190.94176489673663
round,13.21,13.419,21.48415008559823,13.440484150085599,230.48415008559786
him,13.35,13.419,21.48415008559823,13.440484150085599,90.48415008559907
off,13.83,13.7385,20.312005886808038,13.758812005886808,-71.18799411319188
even,14.38,14.53725,20.27252595871687,14.557522525958717,177.5225259587163
though,14.51,14.697,20.21821797825396,14.717218217978253,207.21821797825334
he,14.61,14.85675,20.333294989541173,14.877083294989541,267.0832949895416
is,14.77,15.0165,20.213162060827017,15.036713162060828,266.71316206082804
black,15.24,15.17625,20.314516965299845,15.1965645169653,-43.435483034700795
and,15.45,15.6555,20.332471933215857,15.675832471933216,225.83247193321654
make,15.63,15.81525,21.455282112583518,15.836705282112584,206.70528211258343
him,15.72,16.2945,21.651575807482004,16.31615157580748,596.1515758074806
slimy,16.32,16.45425,21.522833965718746,16.475772833965717,155.77283396571673
and,17.28,17.5725,22.51543989405036,17.595015439894052,315.0154398940508
yet,17.42,17.5725,22.51543989405036,17.595015439894052,175.01543989405022
springy,17.9,18.2115,20.28722409158945,18.23178722409159,331.7872240915918
and,18.05,18.37125,21.37241791933775,18.392622417919338,342.6224179193369
close,18.38,18.69075,20.19027480855584,18.710940274808557,330.9402748085581
down,18.84,18.69075,20.19027480855584,18.710940274808557,-129.0597251914427
clotted,19.93,20.1285,21.75635891035199,20.15025635891035,220.25635891035122
like,20.1,20.28825,22.251358022913337,20.310501358022915,210.50135802291337
a,20.18,20.28825,22.251358022913337,20.310501358022915,130.50135802291507
pool,20.44,20.60775,21.622532978653908,20.629372532978653,189.37253297865198
of,20.55,20.7675,20.244125043973327,20.78774412504397,237.7441250439709
black,20.84,20.92725,20.162618020549417,20.94741261802055,107.41261802055035
blood,21.22,21.24675,20.352370804175735,21.267102370804174,47.102370804175564
on,21.34,21.56625,21.442058961838484,21.58769205896184,247.69205896183877
the,21.45,21.56625,21.442058961838484,21.58769205896184,137.69205896183934
earth,21.87,21.726,21.40190196223557,21.747401901962235,-122.59809803776633
all,22.65,22.84425,20.24991111829877,22.864499911118298,214.49991111829902
the,22.76,23.004,20.27977886609733,23.0242797788661,264.2797788660971
same,23.16,23.16375,20.22452699020505,23.183974526990205,23.97452699020519
nothing,0.82,0.9585,25.438303826376796,0.9839383038263768,163.93830382637685
will,0.95,1.11825,23.251594975590706,1.1415015949755907,191.5015949755907
be,1.07,1.278,43.83859480731189,1.321838594807312,251.83859480731186
more,1.25,1.43775,20.267939195036888,1.458017939195037,208.01793919503697
precious,1.7,1.75725,22.612171014770865,1.7798621710147708,79.8621710147709
to,1.84,2.07675,21.336186910048127,2.0980861869100482,258.0861869100481
you,2.01,2.07675,21.336186910048127,2.0980861869100482,88.08618691004844
i,2.1,2.39625,20.15611599199474,2.416406115991995,316.40611599199485
think,2.46,2.556,20.170476054772735,2.576170476054773,116.17047605477282
in,2.88,3.03525,20.119187887758017,3.055369187887758,175.36918788775813
the,2.96,3.195,20.168538205325603,3.2151685382053254,255.1685382053255
practical,3.42,3.5145,21.361692110076547,3.5358616921100765,115.86169211007658
study,3.77,3.99375,23.985825013369322,4.01773582501337,247.73582501336966
of,3.91,3.99375,23.985825013369322,4.01773582501337,107.73582501336953
art,4.25,4.31325,23.927097907289863,4.33717709790729,87.17709790728989
than,4.71,4.95225,23.694803938269615,4.97594480393827,265.9448039382699
the,4.79,4.95225,23.694803938269615,4.97594480393827,185.94480393826984
conviction,5.51,5.4315,22.42619008757174,5.4539261900875715,-56.073809912428274
which,6.35,6.39,21.441482938826084,6.411441482938826,61.44148293882612
will,6.44,6.54975,21.24253404326737,6.570992534043268,130.99253404326737
force,6.76,7.029,21.98408800177276,7.050984088001773,290.9840880017729
itself,7.16,7.18875,22.49672100879252,7.211246721008792,51.24672100879213
on,7.3,7.3485,21.046970039606094,7.369546970039606,69.54697003960587
more,7.68,7.9875,22.3889269400388,8.00988892694004,329.8889269400398
and,7.77,7.9875,22.3889269400388,8.00988892694004,239.88892694003994
more,8.11,8.14725,21.052866941317916,8.168302866941318,58.30286694131814
every,8.36,8.46675,20.214356016367674,8.486964356016367,126.96435601636757
hour,8.81,8.6265,20.245420979335904,8.646745420979336,-163.25457902066455
of,9.87,10.06425,23.07273307815194,10.087322733078151,217.3227330781522
the,9.96,10.06425,23.07273307815194,10.087322733078151,127.32273307815056
way,10.15,10.38375,21.871209144592285,10.405621209144591,255.6212091445911
all,10.34,10.70325,24.43164400756359,10.727681644007564,387.68164400756433
things,10.73,10.70325,24.43164400756359,10.727681644007564,-2.3183559924362385
are,10.78,10.863,21.87235397286713,10.884872353972867,104.87235397286732
bound,11.11,11.1825,21.646829089149833,11.204146829089149,94.14682908914962
little,12.32,12.30075,20.193068077787757,12.320943068077788,0.9430680777882117
and,12.49,12.93975,21.413382841274142,12.961163382841274,471.16338284127403
great,12.91,12.93975,21.413382841274142,12.961163382841274,51.163382841274085
in,13.48,13.89825,21.384979132562876,13.919634979132564,439.63497913256333
spirit,13.98,14.3775,20.337832160294056,14.397837832160294,417.83783216029315
and,14.16,14.3775,20.337832160294056,14.397837832160294,237.83783216029343
in,14.28,14.53725,20.209647016599774,14.5574596470166,277.4596470166006
matter,14.74,14.697,20.259178010746837,14.717259178010746,-22.7408219892542
you,0.64,0.9585,43.725216994062066,1.002225216994062,362.22521699406195
know,0.78,0.9585,43.725216994062066,1.002225216994062,222.22521699406195
i,0.87,1.11825,20.418460946530104,1.13866846094653,268.66846094653005
have,1.06,1.278,20.527198910713196,1.2985271989107132,238.52719891071317
just,1.57,1.5975,20.54137410596013,1.61804137410596,48.04137410595999
been,1.72,1.75725,21.49459603242576,1.7787445960324257,58.74459603242577
telling,2.04,2.2365,21.913147997111082,2.258413147997111,218.41314799711097
you,2.17,2.39625,21.66741993278265,2.417917419932783,247.91741993278293
how,2.34,2.556,21.542835980653763,2.577542835980654,237.54283598065396
this,2.5,2.8755,22.034255089238286,2.8975342550892385,397.53425508923846
school,2.78,3.35475,24.631645996123552,3.3793816459961237,599.3816459961239
clay,4.03,4.31325,20.425369031727314,4.333675369031727,303.6753690317271
involved,4.46,4.63275,21.580521948635578,4.654330521948635,194.33052194863532
itself,4.88,4.95225,21.552233956754208,4.9738022339567545,93.80223395675458
at,5.35,5.59125,22.14073413051665,5.613390734130516,263.3907341305166
last,5.79,5.751,22.421854082494974,5.773421854082495,-16.578145917504727
in,5.89,6.23025,20.995625061914325,6.251245625061914,361.2456250619145
cloud,6.29,6.7095,21.130874985828996,6.730630874985829,440.6308749858292
and,6.45,6.7095,21.130874985828996,6.730630874985829,280.63087498582905
fire,6.97,7.029,20.47036890871823,7.049470368908718,79.4703689087184
here,0.66,0.9585,27.041206136345863,0.9855412061363459,325.54120613634586
is,0.75,0.9585,27.041206136345863,0.9855412061363459,235.5412061363459
an,0.84,1.11825,28.722153045237064,1.146972153045237,306.97215304523706
equally,1.23,1.43775,20.241873105987906,1.457991873105988,227.99187310598802
typical,1.64,1.75725,21.35526784695685,1.7786052678469568,138.60526784695693
greek,1.9,2.07675,23.65093189291656,2.1004009318929167,200.40093189291673
school,2.26,2.39625,21.197122987359762,2.41744712298736,157.4471229873602
landscape,2.79,3.03525,23.498435970395803,3.058748435970396,268.74843597039575
by,2.91,3.03525,23.498435970395803,3.058748435970396,148.74843597039566
wilson,3.5,3.5145,24.88235104829073,3.5393823510482907,39.38235104829069
lost,4.52,4.63275,21.639192942529917,4.65438919294253,134.38919294253003
wholly,4.88,5.112,20.345262018963695,5.132345262018964,252.3452620189639
in,5.0,5.4315,21.61887683905661,5.453118876839056,453.1188768390564
golden,5.39,5.59125,20.34664899110794,5.6115966489911075,221.59664899110788
mist,5.86,5.91075,20.81511914730072,5.931565119147301,71.56511914730058
the,6.31,6.54975,21.76148910075426,6.571511489100755,261.51148910075506
trees,6.74,6.86925,21.750144893303514,6.891000144893304,151.00014489330337
so,6.93,7.18875,20.9526470862329,7.209702647086233,279.70264708623296
slightly,7.44,7.50825,24.58557509817183,7.532835575098172,92.83557509817174
drawn,7.85,7.82775,21.4685860555619,7.849218586055562,-0.7814139444377588
that,7.95,8.14725,20.169256953522563,8.167419256953522,217.41925695352205
you,8.05,8.307,21.325204987078905,8.32832520498708,278.32520498707856
don't,8.31,8.46675,21.54536498710513,8.488295364987104,178.29536498710397
know,8.5,8.6265,20.429464988410473,8.64692946498841,146.92946498841053
if,8.65,8.78625,21.336250938475132,8.807586250938476,157.58625093847556
they,8.79,8.946,20.31831699423492,8.966318316994235,176.3183169942355
are,8.9,9.10575,20.423607202246785,9.126173607202247,226.1736072022469
trees,9.43,9.42525,20.258678123354912,9.445508678123355,15.508678123355324
or,9.77,10.38375,24.65210505761206,10.408402105057611,638.4021050576116
towers,10.44,10.38375,24.65210505761206,10.408402105057611,-31.597894942388294
and,11.34,11.502,22.065141005441546,11.524065141005442,184.06514100544234
no,11.48,11.8215,20.53256705403328,11.842032567054034,362.03256705403317
care,11.76,11.98125,20.237966906279325,12.001487966906279,241.4879669062788
for,11.9,12.141,20.242879865691066,12.161242879865691,261.2428798656907
color,12.26,12.4605,20.359903806820512,12.48085990380682,220.8599038068204
perfectly,14.29,14.3775,20.5508500803262,14.398050850080326,108.05085008032655
deceptive,14.84,15.0165,21.843665977939963,15.03834366597794,198.34366597794073
and,14.93,15.336,22.517397068440914,15.358517397068441,428.5173970684415
effect,15.9,15.975,20.779496990144253,15.995779496990144,95.77949699014354
of,16.12,16.2945,20.44590492732823,16.314945904927328,194.94590492732655
sunshine,16.76,16.9335,20.298674004152417,16.95379867400415,193.79867400414952
through,16.92,17.09325,20.425109192728996,17.11367510919273,193.67510919272846
the,17.01,17.253,20.74061706662178,17.273740617066622,263.7406170666203
mist,17.5,18.8505,23.583268048241735,18.874083268048242,1374.083268048242
apollo,18.74,19.01025,21.513863001018763,19.031763863001018,291.76386300101956
the,18.9,19.17,20.275925053283572,19.190275925053285,290.2759250532867
python,19.59,19.64925,20.318619906902313,19.6695686199069,79.568619906901
now,0.65,0.9585,25.142063852399588,0.9836420638523996,333.6420638523996
here,0.82,1.11825,25.19890619441867,1.1434489061944186,323.44890619441867
is,0.96,1.278,23.578615859150887,1.301578615859151,341.57861585915094
raphael,1.8,2.8755,21.478440845385194,2.8969784408453854,1096.9784408453854
exactly,2.95,3.03525,21.41469088383019,3.05666469088383,106.66469088383002
between,3.31,3.35475,20.15425288118422,3.3749042528811843,64.90425288118429
the,3.41,3.5145,20.371284103021026,3.534871284103021,124.87128410302084
two,3.75,3.834,20.23747912608087,3.854237479126081,104.23747912608094
trees,4.48,4.63275,21.57016284763813,4.654320162847638,174.3201628476374
still,4.75,4.7925,20.388938952237368,4.812888938952238,62.888938952237794
drawn,5.23,5.27175,20.27006004936993,5.29202006004937,62.02006004936944
leaf,5.56,5.751,20.251324865967035,5.771251324865967,211.25132486596777
by,5.75,5.91075,20.42257785797119,5.931172577857971,181.17257785797136
leaf,6.16,6.23025,20.274158101528883,6.250524158101529,90.52415810152858
formal,7.36,7.50825,20.21408802829683,7.528464088028297,168.46408802829683
but,8.18,8.307,20.41652100160718,8.327416521001608,147.41652100160786
beautiful,8.59,8.6265,20.540009019896388,8.647040009019896,57.04000901989659
mist,9.01,9.10575,21.285834023728967,9.12703583402373,117.03583402372963
coming,9.29,9.42525,21.18422114290297,9.446434221142903,156.43422114290394
gradually,9.85,9.9045,22.34007604420185,9.926840076044202,76.84007604420273
into,10.04,10.224,21.755150984972715,10.245755150984973,205.75515098497377
the,10.14,10.38375,21.423143101856112,10.405173143101855,265.1731431018547
distance,10.76,10.70325,20.204514963552356,10.723454514963553,-36.545485036446834
then,0.96,0.9585,23.791512940078974,0.982291512940079,22.291512940079027
last,1.57,1.5975,21.601888118311763,1.6191018881183117,49.10188811831162
here,1.94,2.2365,21.72362501733005,2.25822362501733,318.22362501733005
is,2.05,2.39625,21.41622779890895,2.417666227798909,367.66622779890935
greek,3.71,4.1535,21.178534952923656,4.174678534952924,464.6785349529239
school,4.09,4.1535,21.178534952923656,4.174678534952924,84.678534952924
of,4.18,4.473,22.39438984543085,4.495394389845431,315.394389845431
the,4.27,4.473,22.39438984543085,4.495394389845431,225.39438984543114
highest,4.67,4.7925,21.28138393163681,4.813781383931637,143.78138393163732
class,5.27,5.27175,23.454150883480906,5.295204150883481,25.20415088348127
and,6.42,6.54975,20.285417791455984,6.570035417791456,150.03541779145647
you,6.49,6.7095,20.169250899925828,6.729669250899926,239.66925089992586
define,6.9,7.18875,21.537540946155787,7.2102875409461555,310.28754094615516
his,7.1,7.18875,21.537540946155787,7.2102875409461555,110.2875409461559
art,7.35,7.50825,20.18236299045384,7.528432362990454,178.43236299045452
absolutely,8.11,7.9875,20.34931699745357,8.007849316997454,-102.15068300254515
as,8.86,9.10575,20.17912408336997,9.12592912408337,265.929124083371
first,9.18,9.2655,20.16562083736062,9.28566562083736,105.66562083736031
the,9.3,9.585,20.240121986716986,9.605240121986718,305.2401219867171
displaying,9.96,10.06425,21.329060895368457,10.085579060895368,125.57906089536708
intensely,10.69,10.70325,21.329606184735894,10.724579606184736,34.57960618473699
and,11.12,11.34225,20.275611896067858,11.362525611896068,242.5256118960686
with,11.23,11.502,20.183036103844643,11.522183036103845,292.18303610384487
the,11.32,11.8215,23.64739798940718,11.845147397989408,525.1473979894072
sternest,11.87,11.98125,20.67408710718155,12.00192408710718,131.9240871071816
intellect,12.45,12.4605,21.34857908822596,12.481848579088226,31.84857908822636
of,13.04,13.0995,21.154817892238498,13.12065481789224,80.65481789224016
natural,13.47,13.419,21.172101143747568,13.440172101143748,-29.827898856252588
form,13.97,14.3775,21.338635124266148,14.398838635124266,428.838635124265
as,14.24,14.3775,21.338635124266148,14.398838635124266,158.83863512426544
it,14.32,14.53725,20.35182691179216,14.557601826911792,237.6018269117921
is,14.94,14.697,20.148108014836907,14.717148108014836,-222.85189198516343
and,15.83,16.13475,21.855151979252696,16.156605151979253,326.605151979253
then,15.95,16.13475,21.855151979252696,16.156605151979253,206.60515197925378
the,16.06,16.2945,20.22707206197083,16.31472707206197,254.72707206197143
envelopment,16.7,16.77375,20.224053179845214,16.793974053179845,93.97405317984564
of,16.87,16.9335,20.22715797647834,16.953727157976477,83.72715797647601
it,17.06,17.09325,20.169959869235754,17.113419959869237,53.4199598692382
with,17.38,17.5725,20.207940135151148,17.592707940135153,212.7079401351537
cloud,17.84,18.2115,20.21854417398572,18.231718544173987,391.71854417398674
and,17.98,18.2115,20.21854417398572,18.231718544173987,251.7185441739862
fire,18.57,18.531,20.415561040863395,18.551415561040862,-18.584438959138083
only,0.97,0.9585,25.047949980944395,0.9835479499809444,13.547949980944441
there,1.63,1.917,20.391167839989066,1.937391167839989,307.39116783998924
are,1.7,2.07675,21.456121001392603,2.0982061210013927,398.2061210013927
two,1.91,2.07675,21.456121001392603,2.0982061210013927,188.20612100139277
sorts,2.22,2.39625,21.415116963908076,2.4176651169639083,197.6651169639081
of,2.3,2.39625,21.415116963908076,2.4176651169639083,117.66511696390847
cloud,2.59,3.195,22.09618012420833,3.217096180124208,627.0961801242083
fire,3.25,3.195,22.09618012420833,3.217096180124208,-32.903819875791825
he,0.64,0.79875,20.43388900347054,0.8191838890034705,179.18388900347048
knows,0.88,0.9585,21.31665707565844,0.9798166570756585,99.81665707565845
them,1.06,1.43775,20.36843402311206,1.4581184340231121,398.1184340231121
both,1.55,1.5975,20.579869160428643,1.6180798691604286,68.07986916042852
there's,0.59,0.79875,29.60190107114613,0.8283519010711461,238.35190107114613
one,0.89,1.11825,29.07817787490785,1.1473281778749078,257.3281778749078
and,0.99,1.278,40.48652411438525,1.3184865241143853,328.4865241143853
there's,1.15,1.43775,23.243063827976584,1.4609930638279767,310.99306382797675
another,1.61,1.5975,21.80270105600357,1.6193027010560035,9.302701056003393
the,2.32,2.556,20.211665891110897,2.576211665891111,256.2116658911111
dudley,2.99,3.03525,20.195590099319816,3.05544559009932,65.4455900993196
and,3.18,3.35475,21.31859096698463,3.3760685909669848,196.0685909669846
the,3.24,3.35475,21.31859096698463,3.3760685909669848,136.06859096698454
flint,3.76,3.834,20.21443215198815,3.8542144321519882,94.21443215198843
it,0.45,0.639,23.833479965105653,0.6628334799651057,212.83347996510565
is,0.61,0.79875,24.02996807359159,0.8227799680735915,212.77996807359156
only,0.84,0.9585,25.319874985143542,0.9838198749851436,143.8198749851436
a,1.02,1.278,45.36576196551323,1.3233657619655133,303.36576196551323
pencil,1.72,2.2365,21.78277214989066,2.2582827721498906,538.2827721498907
outline,2.27,2.39625,21.84587297961116,2.4180958729796114,148.09587297961136
by,2.46,2.71575,19.4727280177176,2.7352227280177175,275.22272801771754
edward,2.8,2.8755,21.36719785630703,2.896867197856307,96.86719785630737
burne,3.08,3.35475,19.946453860029578,3.3746964538600297,294.69645386002964
jones,3.7,3.67425,20.349442958831787,3.6945994429588316,-5.400557041168597
illustration,4.79,4.7925,21.973307011649013,4.814473307011649,24.473307011649403
of,4.87,5.112,21.767653990536928,5.133767653990537,263.7676539905369
the,4.95,5.112,21.767653990536928,5.133767653990537,183.76765399053684
story,5.28,5.4315,21.799742011353374,5.453299742011353,173.2997420113529
of,5.38,5.59125,20.581496879458427,5.611831496879458,231.83149687945814
psyche,6.01,6.0705,19.36511998064816,6.089865119980648,79.86511998064839
it,7.23,7.50825,21.911721909418702,7.530161721909419,300.1617219094186
is,7.37,7.50825,21.911721909418702,7.530161721909419,160.1617219094189
the,7.48,7.668,20.771239884197712,7.688771239884198,208.77123988419743
introduction,8.03,8.14725,20.540355937555432,8.167790355937555,137.79035593755572
of,8.11,8.307,20.400345092639327,8.32740034509264,217.4003450926403
psyche,8.68,8.78625,19.43158684298396,8.805681586842985,125.68158684298503
after,9.02,9.10575,19.40106484107673,9.125151064841077,105.15106484107761
all,9.17,9.2655,19.49430792592466,9.284994307925924,114.99430792592413
her,9.3,9.585,19.572864985093474,9.604572864985094,304.5728649850936
troubles,9.85,9.9045,19.245327915996313,9.923745327915997,73.7453279159972
heaven,10.46,10.5435,20.753162913024426,10.564253162913024,104.25316291302344
every,0.65,0.79875,25.452401023358107,0.8242024010233581,174.20240102335805
plant,1.01,1.11825,53.953971015289426,1.1722039710152894,162.20397101528937
in,1.08,1.278,24.00675998069346,1.3020067599806935,222.0067599806934
the,1.17,1.43775,19.296254962682724,1.4570462549626828,287.0462549626829
is,1.73,1.917,19.32355808094144,1.9363235580809415,206.3235580809415
set,2.06,2.2365,25.25001997128129,2.2617500199712812,201.75001997128118
formally,2.65,2.71575,23.989713052287698,2.7397397130522876,89.73971305228767
grows,3.3,3.35475,20.47079405747354,3.3752207940574737,75.22079405747384
perfectly,4.0,3.99375,19.31753591634333,4.013067535916344,13.067535916343687
and,4.62,4.95225,22.948279045522213,4.9751982790455225,355.1982790455224
may,4.73,4.95225,22.948279045522213,4.9751982790455225,245.19827904552204
be,4.87,4.95225,22.948279045522213,4.9751982790455225,105.19827904552237
realized,5.41,5.59125,20.703235175460577,5.61195323517546,201.95323517546004
completely,6.11,6.0705,20.43472183868289,6.090934721838683,-19.065278161317423
exquisite,1.05,1.278,42.675038101151586,1.3206750381011516,270.6750381011516
order,1.53,1.917,19.6270439773798,1.9366270439773798,406.6270439773798
and,1.82,1.917,19.6270439773798,1.9366270439773798,116.62704397737977
universal,2.53,2.556,20.518307108432055,2.576518307108432,46.518307108432296
with,2.75,2.8755,19.740720046684146,2.8952407200466843,145.24072004668432
eternal,3.14,3.195,22.94563897885382,3.2179456389788537,77.94563897885354
life,3.45,3.5145,19.892754033207893,3.534392754033208,84.39275403320767
and,3.57,3.834,19.74748307839036,3.8537474830783904,283.7474830783906
light,3.9,3.99375,19.599197199568152,4.0133491971995685,113.3491971995686
this,4.78,4.95225,21.008308976888657,4.973258308976889,193.25830897688866
is,4.86,4.95225,21.008308976888657,4.973258308976889,113.2583089768886
the,4.97,5.112,20.496679935604334,5.132496679935604,162.49667993560467
faith,5.33,5.4315,20.52824106067419,5.452028241060674,122.02824106067389
effort,5.78,5.91075,20.41333494707942,5.93116333494708,151.16333494707933
of,5.9,6.0705,20.44479502364993,6.09094479502365,190.9447950236496
the,5.97,6.39,21.89941005781293,6.411899410057813,441.8994100578129
schools,6.38,6.54975,20.65850398503244,6.570408503985033,190.40850398503295
of,6.48,6.7095,20.77118121087551,6.730271181210876,250.27118121087534
and,8.15,8.46675,21.21955598704517,8.487969555987045,337.96955598704415
you,8.22,8.46675,21.21955598704517,8.487969555987045,267.96955598704386
may,8.36,8.6265,20.124362781643867,8.646624362781644,286.6243627816445
describe,9.15,9.2655,21.19720820337534,9.286697208203375,136.69720820337437
and,9.55,9.74475,21.082154009491205,9.765832154009491,215.8321540094903
complete,9.99,10.06425,21.27811498939991,10.0855281149894,95.52811498939917
their,10.13,10.38375,21.158175077289343,10.404908175077288,274.9081750772877
work,10.44,10.5435,21.02759201079607,10.564527592010796,124.52759201079644
quite,10.72,10.863,19.458133028820157,10.88245813302882,162.45813302881908
literally,11.35,11.34225,19.253927981480956,11.361503927981481,11.503927981481255
by,12.01,12.141,19.03210999444127,12.160032109994441,150.0321099944415
taking,12.38,12.4605,19.998559961095452,12.480498559961095,100.49855996109436
any,12.54,12.78,18.90527713112533,12.798905277131125,258.90527713112556
verses,12.96,13.0995,18.872692016884685,13.118372692016885,158.37269201688463
of,13.06,13.25925,19.39780591055751,13.278647805910557,218.64780591055677
chaucer,13.54,13.89825,20.21146914921701,13.918461469149218,378.4614691492187
his,13.87,14.058,20.16675379127264,14.078166753791272,208.16675379127327
tender,14.19,14.697,21.387023851275444,14.718387023851275,528.3870238512751
mood,14.63,14.697,21.387023851275444,14.718387023851275,88.38702385127384
and,15.3,15.6555,21.4819700922817,15.676981970092282,376.98197009228096
observing,15.8,15.975,20.742230815812945,15.995742230815813,195.74223081581187
how,15.99,16.13475,20.53327113389969,16.1552832711339,165.28327113389986
he,16.11,16.2945,20.25303104892373,16.314753031048923,204.75303104892362
insists,16.69,16.77375,20.969015080481768,16.79471901508048,104.7190150804802
on,16.85,16.9335,20.554327871650457,16.95405432787165,104.0543278716477
the,16.95,17.09325,20.120932022109628,17.11337093202211,163.3709320221115
clearness,17.46,17.5725,20.899072056636214,17.593399072056638,133.39907205663692
and,17.6,17.892,21.154299145564437,17.913154299145564,313.1542991455625
brightness,18.05,18.05175,20.34537005238235,18.07209537005238,22.095370052380048
first,18.59,18.531,20.503455074504018,18.551503455074503,-38.496544925497034
and,19.55,19.809,21.424893056973815,19.830424893056975,280.42489305697416
then,19.7,19.809,21.424893056973815,19.830424893056975,130.42489305697558
on,19.82,19.96875,19.962046993896365,19.988712046993896,168.71204699389608
the,19.93,20.1285,18.892148975282907,20.147392148975282,217.39214897528214
order,20.44,20.448,19.029711140319705,20.46702971114032,27.029711140318824
thus,0.96,0.9585,25.435058865696192,0.9839350588656962,23.935058865696245
in,1.39,1.75725,19.425516948103905,1.7766755169481039,386.67551694810396
chaucer's,1.87,2.07675,22.15178799815476,2.098901787998155,228.90178799815476
dream,2.41,2.925,18.536064075306058,2.943536064075306,533.5360640753057
