word,gt_end_s,audio_time_at_commit_s,model_processing_ms,total_output_time_s,latency_ms
he,0.62,0.79875,23.792632156983018,0.822542632156983,202.542632156983
hoped,1.01,1.11825,24.06331803649664,1.1423133180364966,132.31331803649658
there,1.13,1.43775,24.202876025810838,1.461952876025811,331.952876025811
would,1.31,1.43775,24.202876025810838,1.461952876025811,151.95287602581087
be,1.44,1.5975,20.10681782849133,1.6176068178284913,177.6068178284913
stew,1.83,2.07675,24.038603994995356,2.1007886039949955,270.78860399499536
for,1.99,2.2365,19.934008829295635,2.2564340088292956,266.4340088292956
dinner,2.36,2.39625,19.666384905576706,2.415916384905577,55.91638490557705
turnips,3.07,3.35475,21.451508160680532,3.3762015081606807,306.2015081606808
and,3.24,3.35475,21.451508160680532,3.3762015081606807,136.20150816068045
carrots,3.77,3.99375,20.23204998113215,4.0139820499811325,243.9820499811325
and,3.98,4.1535,20.00385196879506,4.173503851968795,193.50385196879526
bruised,4.38,4.473,22.131916834041476,4.495131916834041,115.13191683404145
potatoes,5.05,5.112,19.378125201910734,5.131378125201911,81.37812520191102
and,5.23,5.27175,20.009792875498533,5.2917597928754985,61.75979287549804
fat,5.6,5.751,20.383474184200168,5.7713834741842005,171.38347418420085
mutton,6.02,6.23025,19.090442918241024,6.249340442918241,229.3404429182413
pieces,6.51,6.54975,18.92884192056954,6.56867884192057,58.67884192057016
to,6.63,6.86925,20.048554986715317,6.889298554986715,259.2985549867155
be,6.8,6.86925,20.048554986715317,6.889298554986715,89.29855498671557
ladled,7.25,7.3485,23.668672889471054,7.372168672889471,122.16867288947064
out,7.57,7.668,19.727019825950265,7.68772701982595,117.72701982595012
in,7.68,7.9875,19.00206203572452,8.006502062035725,326.50206203572554
thick,8.15,8.14725,19.25849705003202,8.166508497050032,16.508497050031323
peppered,8.64,8.78625,20.179915940389037,8.80642991594039,166.42991594038926
sauce,10.12,10.224,20.303786965087056,10.244303786965087,124.30378696508804
stuff,0.78,1.11825,24.67278903350234,1.1429227890335023,362.9227890335023
it,0.87,1.11825,24.67278903350234,1.1429227890335023,272.9227890335023
into,1.16,1.278,24.727931013330817,1.3027279310133308,142.72793101333093
you,1.4,1.5975,19.01058410294354,1.6165105841029435,216.51058410294354
his,1.76,1.917,19.180038943886757,1.9361800389438868,176.18003894388679
belly,2.12,2.39625,19.246071111410856,2.415496071111411,295.49607111141097
counselled,2.64,2.8755,19.100823905318975,2.894600823905319,254.60082390531903
him,2.86,3.03525,19.762396113947034,3.055012396113947,195.01239611394715
after,0.73,0.79875,24.19085497967899,0.822940854979679,92.94085497967896
early,1.04,1.278,25.137318996712565,1.3031373189967126,263.13731899671257
the,1.9,2.07675,20.301194163039327,2.0970511941630394,197.0511941630395
yellow,2.16,2.39625,19.80078616179526,2.4160507861617955,256.0507861617953
lamps,2.59,2.71575,20.907276077196002,2.736657276077196,146.65727607719603
would,2.76,2.8755,19.884458044543862,2.895384458044544,135.38445804454423
light,3.07,3.195,19.65151517651975,3.2146515151765196,144.65151517651975
up,3.27,3.35475,20.130463875830173,3.3748804638758303,104.88046387583027
here,3.52,3.67425,20.44336311519146,3.6946933631151913,174.69336311519123
and,3.66,3.834,20.2630830463022,3.8542630830463023,194.26308304630214
there,4.09,3.99375,20.764003973454237,4.014514003973455,-75.48599602654527
the,4.21,4.473,20.013620145618916,4.493013620145619,283.0136201456188
squalid,4.78,4.95225,20.05327702499926,4.9723032770249995,192.30327702499926
quarter,5.31,5.4315,18.13423214480281,5.449634232144803,139.63423214480298
of,5.42,5.59125,20.816952921450138,5.61206695292145,192.06695292144983
the,5.5,5.59125,20.816952921450138,5.61206695292145,112.06695292144974
bertie,1.28,1.43775,21.72804600559175,1.4594780460055918,179.4780460055918
any,1.46,1.75725,19.51091387309134,1.7767609138730913,316.76091387309134
good,1.77,1.917,19.712572218850255,1.9367125722188503,166.71257221885028
in,1.85,2.2365,21.18843700736761,2.2576884370073675,407.68843700736744
your,1.99,2.2365,21.18843700736761,2.2576884370073675,267.68843700736755
mind,2.48,2.39625,19.915268989279866,2.41616526898928,-63.834731010719906
number,0.65,0.9585,22.930460050702095,0.9814304600507021,331.4304600507021
ten,1.24,1.278,26.423605857416987,1.304423605857417,64.42360585741702
fresh,1.93,2.2365,21.4781709946692,2.257978170994669,327.9781709946692
is,2.55,2.8755,19.398170989006758,2.894898170989007,344.8981709890071
waiting,2.9,3.03525,20.740594947710633,3.0559905949477106,155.99059494771072
on,3.1,3.195,19.261136883869767,3.2142611368838696,114.26113688386951
you,3.4,3.5145,19.66212480328977,3.5341621248032897,134.16212480328983
night,4.49,4.63275,19.469800870865583,4.652219800870865,162.21980087086507
husband,5.07,4.95225,19.529083045199513,4.9717790830452,-98.22091695480051
the,0.51,0.79875,24.8250940348953,0.8235750940348953,313.57509403489524
music,0.92,0.9585,28.474638937041163,0.9869746389370412,66.97463893704114
came,1.17,1.278,24.232192896306515,1.3022321928963065,132.2321928963066
and,1.88,2.07675,20.46381402760744,2.0972138140276075,217.21381402760764
he,2.0,2.07675,20.46381402760744,2.0972138140276075,97.21381402760754
recalled,2.53,2.556,22.124801063910127,2.57812480106391,48.12480106391037
the,2.63,2.8755,19.697563955560327,2.8951975639555605,265.1975639555606
words,3.21,3.195,20.69442206993699,3.215694422069937,5.694422069936866
the,3.68,3.834,19.367964938282967,3.853367964938283,173.36796493828288
words,4.09,4.1535,21.62564708851278,4.175125647088513,85.12564708851312
of,4.18,4.31325,19.21658986248076,4.332466589862481,152.46658986248107
shelley's,4.74,4.95225,21.179182920604944,4.973429182920605,233.429182920605
fragment,5.28,5.4315,17.687411047518253,5.449187411047518,169.18741104751777
upon,5.56,5.59125,20.160767948254943,5.6114107679482546,51.41076794825494
the,5.65,5.91075,19.114648923277855,5.929864648923278,279.8646489232777
moon,6.11,6.0705,20.347452023997903,6.090847452023998,-19.15254797600241
wandering,6.68,6.7095,23.998752934858203,6.7334987529348584,53.49875293485873
pale,8.33,8.46675,20.2479618601501,8.48699796186015,156.99796186014936
for,8.53,8.6265,19.093227107077837,8.645593227107078,115.59322710707853
weariness,9.26,9.2655,19.258835818618536,9.284758835818618,24.758835818618152
the,0.66,0.79875,23.784552002325654,0.8225345520023256,162.5345520023256
dull,0.95,1.278,23.62867398187518,1.3016286739818752,351.62867398187524
light,1.41,1.43775,23.616025922819972,1.46136602592282,51.366025922820135
fell,1.71,1.917,19.91169690154493,1.936911696901545,226.911696901545
more,1.94,2.07675,19.837755942717195,2.0965877559427173,156.58775594271734
faintly,2.46,2.556,19.318729173392057,2.575318729173392,115.31872917339214
upon,2.76,2.8755,20.74175118468702,2.896241751184687,136.2417511846874
the,2.84,3.03525,19.320007879287004,3.054570007879287,214.57000787928715
page,3.4,3.5145,20.53575008176267,3.5350357500817626,135.03575008176273
another,4.22,4.1535,19.23029706813395,4.172730297068134,-47.26970293186561
equation,4.85,4.95225,18.252877984195948,4.970502877984196,120.50287798419657
began,5.29,5.27175,19.463239004835486,5.291213239004835,1.213239004835387
to,5.48,5.59125,19.422837998718023,5.610672837998718,130.6728379987172
unfold,6.01,6.0705,20.882252138108015,6.091382252138108,81.38225213810824
itself,6.51,6.54975,21.082560997456312,6.570832560997457,60.83256099745693
slowly,7.1,7.029,20.381930051371455,7.049381930051371,-50.618069948628275
and,7.72,7.9875,21.475431974977255,8.008975431974978,288.9754319749782
to,7.82,7.9875,21.475431974977255,8.008975431974978,188.97543197497768
spread,8.24,8.307,20.16806905157864,8.327168069051579,87.16806905157881
abroad,8.79,8.78625,23.563183145597577,8.809813183145598,19.81318314559921
its,8.97,9.10575,19.053410040214658,9.124803410040215,154.8034100402145
widening,9.56,9.585,21.199397975578904,9.60619939797558,46.19939797557926
a,0.63,0.9585,25.044930167496204,0.9835449301674962,353.5449301674962
cold,1.16,1.278,33.238189993426204,1.3112381899934262,151.23818999342632
lucid,1.81,2.07675,17.992828972637653,2.0947428289726377,284.7428289726377
indifference,2.62,2.71575,19.160540075972676,2.7349105400759726,114.91054007597245
reigned,3.14,3.35475,21.5014040004462,3.3762514040004463,236.2514040004462
in,3.24,3.5145,20.375784020870924,3.534875784020871,294.8757840208707
his,3.42,3.5145,20.375784020870924,3.534875784020871,114.87578402087095
soul,3.9,3.99375,21.13117789849639,4.014881177898497,114.88117789849683
the,0.63,1.11825,24.18083301745355,1.1424308330174535,512.4308330174536
chaos,1.22,1.43775,23.859113221988082,1.4616091132219882,241.6091132219882
in,1.35,1.5975,21.214830921962857,1.6187148309219628,268.7148309219627
which,1.56,1.5975,21.214830921962857,1.6187148309219628,58.71483092196272
his,1.76,1.75725,20.23720694705844,1.7774872069470584,17.48720694705841
ardour,2.24,2.39625,18.752068979665637,2.415002068979666,175.00206897966564
extinguished,2.96,3.03525,18.657804001122713,3.0539078040011227,93.90780400112276
itself,3.41,3.35475,20.296383881941438,3.3750463838819416,-34.953616118058584
was,3.62,3.67425,18.69580615311861,3.6929458061531184,72.9458061531183
a,3.71,3.99375,18.990356009453535,4.012740356009454,302.74035600945393
cold,4.41,4.473,19.90095595829189,4.492900955958292,82.9009559582916
indifferent,5.11,5.27175,21.461548982188106,5.293211548982188,183.2115489821877
knowledge,5.79,5.751,21.33393893018365,5.772333938930184,-17.666061069816053
of,5.88,6.0705,20.200262079015374,6.090700262079015,210.7002620790155
himself,6.48,6.39,20.168315153568983,6.410168315153569,-69.83168484643176
at,0.62,0.79875,25.107895024120808,0.8238578950241208,203.85789502412078
most,1.07,1.11825,24.951555067673326,1.1432015550676733,73.20155506767323
by,1.64,1.917,20.030902000144124,1.9370309020001442,297.03090200014424
an,1.79,1.917,20.030902000144124,1.9370309020001442,147.03090200014412
alms,2.22,2.39625,19.810511963441968,2.416060511963442,196.060511963442
given,2.53,2.556,19.821605877950788,2.575821605877951,45.82160587795103
to,2.73,2.71575,18.73077009804547,2.7344807700980454,4.480770098045372
a,2.79,3.35475,21.49605890735984,3.37624605890736,586.24605890736
beggar,3.34,3.35475,21.49605890735984,3.37624605890736,36.2460589073601
whose,3.59,3.67425,19.8184079490602,3.69406840794906,104.06840794906014
blessing,4.0,4.1535,19.384260987862945,4.172884260987863,172.88426098786314
he,4.17,4.31325,19.0441079903394,4.332294107990339,162.2941079903395
fled,4.47,4.63275,19.906036090105772,4.6526560360901055,182.65603609010572
from,4.81,4.7925,19.03121592476964,4.81153121592477,1.531215924770457
he,5.47,5.59125,18.80245003849268,5.610052450038492,140.05245003849254
might,5.74,5.751,19.18742200359702,5.770187422003597,30.187422003597142
hope,6.1,6.23025,18.769826972857118,6.249019826972857,149.01982697285732
wearily,6.63,6.7095,18.768368987366557,6.728268368987367,98.2683689873669
to,6.78,6.86925,18.795466050505638,6.888045466050506,108.04546605050547
win,7.05,7.3485,21.002850960940123,7.36950285096094,319.5028509609399
for,7.22,7.3485,21.002850960940123,7.36950285096094,149.50285096093995
himself,7.75,7.668,20.14893013983965,7.68814893013984,-61.8510698601602
some,8.37,8.46675,20.138926105573773,8.486888926105573,116.88892610557389
measure,8.78,8.946,20.167294889688492,8.966167294889688,186.16729488968886
of,8.92,9.10575,20.14583512209356,9.125895835122094,205.89583512209407
actual,9.5,9.585,18.768330803140998,9.603768330803142,103.76833080314185
grace,10.07,10.06425,18.83851899765432,10.083088518997654,13.088518997653509
well,0.71,1.11825,25.058843893930316,1.1433088438939303,433.3088438939303
now,0.97,1.11825,25.058843893930316,1.1433088438939303,173.30884389393032
i,1.59,1.917,19.265586975961924,1.936265586975962,346.26558697596187
declare,2.11,2.2365,19.570757867768407,2.2560707578677683,146.07075786776846
you,2.24,2.39625,19.41720419563353,2.4156672041956337,175.66720419563353
have,2.43,2.556,19.393833121284842,2.575393833121285,145.39383312128473
a,2.52,2.71575,19.62774503044784,2.7353777450304477,215.3777450304477
head,2.93,3.03525,19.262325949966908,3.054512325949967,124.51232594996675
and,3.15,3.195,19.297517836093903,3.2142975178360937,64.29751783609383
so,3.36,3.5145,20.384675124660134,3.53488467512466,174.88467512466022
has,3.58,3.67425,20.72601392865181,3.6949760139286516,114.97601392865153
my,3.78,3.834,20.540850004181266,3.8545408500041813,74.54085000418154
stick,4.21,4.31325,22.746921982616186,4.335996921982616,125.99692198261624
on,0.7,1.11825,23.36734114214778,1.1416173411421477,441.6173411421478
saturday,1.14,1.278,25.89578297920525,1.3038957829792053,163.89578297920536
when,1.9,2.07675,18.712961114943027,2.095462961114943,195.4629611149432
the,1.99,2.2365,19.002474145963788,2.2555024741459637,265.50247414596373
sodality,2.63,2.8755,19.088244065642357,2.8945882440656425,264.58824406564264
met,2.98,3.195,21.29030809737742,3.2162903080973773,236.29030809737728
in,3.06,3.195,21.29030809737742,3.2162903080973773,156.2903080973772
the,3.15,3.35475,20.13669698499143,3.3748866969849916,224.88669698499163
chapel,3.66,3.67425,22.448719013482332,3.696698719013482,36.698719013481984
to,3.84,3.99375,20.21422702819109,4.0139642270281914,173.9642270281916
recite,4.28,4.31325,21.317362086847425,4.3345673620868475,54.567362086847204
the,4.37,4.63275,20.871086046099663,4.653621086046099,283.62108604609926
little,4.62,4.63275,20.871086046099663,4.653621086046099,33.62108604609926
office,5.1,5.112,18.839292926713824,5.130839292926714,30.83929292671428
his,5.71,5.751,19.211461069062352,5.770211461069063,60.21146106906272
place,6.13,6.0705,19.009659066796303,6.089509659066796,-40.49034093320358
was,6.3,6.39,18.810769077390432,6.40881076907739,108.81076907739029
a,6.38,6.86925,21.49338903836906,6.890743389038369,510.74338903836923
kneeling,7.45,7.50825,21.603872068226337,7.529853872068227,79.85387206822648
desk,7.85,7.9875,20.94187680631876,8.00844187680632,158.44187680631984
at,7.93,8.14725,18.815996823832393,8.166065996823832,236.06599682383234
the,8.06,8.307,19.254758954048157,8.326254758954049,266.25475895404804
right,8.33,8.46675,19.4317779969424,8.486181777996942,156.18177799694166
of,8.42,8.6265,19.959131022915244,8.646459131022915,226.45913102291536
the,8.56,8.6265,19.959131022915244,8.646459131022915,86.4591310229148
altar,9.01,9.10575,20.28849208727479,9.126038492087275,116.03849208727546
from,9.27,9.42525,19.120417069643736,9.444370417069644,174.3704170696443
which,9.5,9.585,18.76352704130113,9.603763527041302,103.76352704130198
he,9.61,9.74475,18.98205792531371,9.763732057925314,153.73205792531408
led,9.91,10.06425,20.566801074892282,10.084816801074892,174.8168010748916
his,10.12,10.224,19.257850013673306,10.243257850013674,123.25785001367429
wing,10.35,10.5435,22.47221814468503,10.565972218144685,215.97221814468526
of,10.45,10.5435,22.47221814468503,10.565972218144685,115.97221814468561
boys,10.88,10.863,21.380539052188396,10.884380539052188,4.38053905218716
through,11.14,11.1825,20.2057131100446,11.202705713110044,62.70571311004325
the,11.25,11.34225,20.208542002364993,11.362458542002365,112.45854200236494
her,0.7,0.79875,23.162581957876682,0.8219125819578766,121.91258195787668
eyes,1.06,1.11825,24.26188997924328,1.1425118899792432,82.5118899792432
seemed,1.45,1.5975,19.00240103714168,1.6165024010371416,166.50240103714165
to,1.55,1.75725,19.01680906303227,1.7762668090630322,226.2668090630322
regard,1.98,1.917,19.39868414774537,1.9363986841477454,-43.60131585225457
him,2.23,2.2365,19.00572795420885,2.255505727954209,25.5057279542088
with,2.43,2.556,20.33154503442347,2.5763315450344235,146.33154503442336
mild,2.82,3.03525,18.501367885619402,3.0537513678856194,233.75136788561957
pity,3.22,3.195,21.324557019397616,3.2163245570193975,-3.675442980602739
her,3.86,3.99375,20.43556608259678,4.014185566082597,154.18556608259726
holiness,4.5,4.473,19.810179946944118,4.492810179946944,-7.1898200530560175
a,4.89,5.27175,19.692091969773173,5.291442091969773,401.4420919697734
strange,5.45,5.59125,19.507619086652994,5.610757619086653,160.75761908665243
light,5.89,5.91075,19.524805014953017,5.930274805014953,40.27480501495351
glowing,6.27,6.39,19.363967003300786,6.4093639670033005,139.3639670033009
faintly,6.75,6.86925,19.456875044852495,6.888706875044853,138.70687504485258
upon,7.07,7.029,20.651819184422493,7.049651819184422,-20.348180815577877
her,7.22,7.3485,19.777066074311733,7.368277066074311,148.27706607431156
frail,7.77,7.9875,17.804356990382075,8.005304356990383,235.3043569903832
flesh,8.31,8.307,21.781789837405086,8.328781789837405,18.781789837404972
did,8.8,8.946,19.39873001538217,8.965398730015382,165.3987300153812
not,9.02,9.10575,19.361922051757574,9.125111922051758,105.11192205175846
the,9.8,10.06425,20.4052550252527,10.084655255025252,284.65525502525145
sinner,10.22,10.38375,21.395046962425113,10.405145046962424,185.14504696242363
who,10.42,10.5435,21.289945812895894,10.564789945812896,144.78994581289584
approached,10.88,11.02275,20.232073962688446,11.042982073962689,162.98207396268793
her,11.12,11.1825,20.254495088011026,11.20275449508801,82.75449508801103
if,0.73,0.79875,25.828612968325615,0.8245786129683256,94.57861296832559
ever,0.94,1.11825,24.63815500959754,1.1428881550095975,202.88815500959757
he,1.12,1.278,23.77364388667047,1.3017736438866705,181.77364388667038
was,1.34,1.43775,23.7355949357152,1.4614855949357153,121.4855949357152
impelled,1.86,1.917,23.060383973643184,1.9400603839736432,80.06038397364313
to,1.99,2.07675,20.70156903937459,2.0974515690393747,107.45156903937469
cast,2.43,2.556,20.356810186058283,2.5763568101860583,146.35681018605817
sin,2.74,2.8755,21.415357012301683,2.896915357012302,156.91535701230163
from,3.02,3.03525,19.232948077842593,3.0544829480778426,34.48294807784258
him,3.3,3.35475,19.224505173042417,3.3739745051730425,73.97450517304272
and,3.46,3.67425,20.72580484673381,3.6949758048467336,234.97580484673364
to,3.57,3.67425,20.72580484673381,3.6949758048467336,124.97580484673377
repent,4.1,4.1535,19.258603919297457,4.172758603919298,72.758603919298
the,4.77,4.7925,19.512511091306806,4.812012511091307,42.01251109130766
impulse,5.2,5.27175,20.664039999246597,5.2924140399992465,92.41403999924636
that,5.37,5.4315,21.378020057454705,5.4528780200574545,82.87802005745436
moved,5.71,5.91075,21.025989903137088,5.931775989903137,221.7759899031373
him,5.95,6.0705,20.937822060659528,6.0914378220606595,141.43782206065936
was,6.14,6.23025,20.849935011938214,6.251099935011938,111.09993501193838
the,6.25,6.39,20.705181173980236,6.41070518117398,160.70518117397992
wish,6.52,6.7095,20.506914937868714,6.730006914937869,210.0069149378694
to,6.65,6.7095,20.506914937868714,6.730006914937869,80.0069149378686
be,6.83,6.86925,20.47938504256308,6.889729385042563,59.72938504256309
her,7.06,7.3485,20.257174968719482,7.368757174968719,308.7571749687195
knight,7.52,7.50825,23.860784014686942,7.532110784014687,12.110784014687681
he,0.47,0.639,24.090268183499575,0.6630902681834996,193.0902681834996
tried,0.76,0.79875,25.820005917921662,0.8245700059179216,64.57000591792162
to,0.84,0.9585,24.181355023756623,0.9826813550237566,142.68135502375668
think,1.25,1.278,24.368583923205733,1.3023685839232058,52.36858392320576
how,1.46,1.5975,19.443783909082413,1.6169437839090823,156.94378390908236
it,1.55,1.75725,20.64571320079267,1.7778957132007926,227.8957132007926
could,1.72,1.75725,20.64571320079267,1.7778957132007926,57.89571320079268
be,2.11,1.917,19.49330512434244,1.9364933051243425,-173.5066948756574
but,0.25,0.3195,25.016841012984514,0.3445168410129845,94.51684101298451
the,0.38,0.47925,24.85452708788216,0.5041045270878821,124.1045270878821
dusk,0.83,0.79875,27.042110916227102,0.8257921109162271,-4.207889083772898
in,1.63,1.75725,19.180609844624996,1.776430609844625,146.43060984462508
the,1.73,2.07675,19.868130097165704,2.096618130097166,366.6181300971658
covered,3.0,3.03525,21.58799907192588,3.056837999071926,56.83799907192588
over,3.25,3.35475,19.398597069084644,3.3741485970690848,124.14859706908476
his,3.44,3.5145,19.921280210837722,3.5344212802108377,94.42128021083774
thoughts,3.98,3.99375,20.544189028441906,4.014294189028442,34.294189028442275
the,4.86,4.95225,20.662666065618396,4.972912666065619,112.91266606561834
bell,5.16,5.4315,17.988953040912747,5.4494889530409125,289.4889530409124
rang,5.54,5.59125,20.238708006218076,5.611488708006218,71.48870800621765
then,0.46,0.639,24.394010892137885,0.6633940108921379,203.39401089213789
you,0.52,0.79875,27.681462932378054,0.826431462932378,306.431462932378
can,0.7,0.9585,27.963093016296625,0.9864630930162966,286.4630930162967
ask,0.98,1.11825,28.047141851857305,1.1462971418518573,166.29714185185728
him,1.1,1.278,27.933586854487658,1.3059335868544877,205.9335868544876
on,1.74,1.917,21.564987022429705,1.9385649870224297,198.56498702242976
the,1.84,2.07675,20.491635892540216,2.0972416358925403,257.2416358925402
catechism,2.48,2.71575,20.094851031899452,2.7358448510318993,255.84485103189937
stephen,1.06,1.278,22.211986826732755,1.3002119868267328,240.21198682673273
leaning,1.85,1.917,21.68262004852295,1.938682620048523,88.68262004852289
back,2.27,2.39625,19.395351177081466,2.4156453511770817,145.64535117708166
and,2.4,2.71575,19.467511912807822,2.7352175119128077,335.2175119128078
drawing,2.81,2.8755,20.6894229631871,2.8961894229631873,86.18942296318721
idly,3.27,3.5145,20.60027699917555,3.5351002769991755,265.1002769991755
on,3.4,3.5145,20.60027699917555,3.5351002769991755,135.1002769991756
his,3.56,3.67425,19.679015036672354,3.693929015036672,133.9290150366721
scribbler,4.12,4.31325,19.595539895817637,4.332845539895818,212.84553989581755
listened,4.85,4.95225,22.425945149734616,4.974675945149735,124.67594514973524
to,5.06,5.27175,22.1894399728626,5.2939394399728625,233.93943997286294
the,5.16,5.27175,22.1894399728626,5.2939394399728625,133.9394399728624
talk,5.49,5.751,18.881009193137288,5.769881009193138,279.8810091931374
about,5.82,5.91075,21.499752067029476,5.93224975206703,112.24975206702936
him,6.12,6.0705,20.000618882477283,6.090500618882477,-29.499381117522816
which,6.38,6.39,19.355646101757884,6.409355646101758,29.35564610175767
heron,6.8,7.029,18.047773046419024,7.047047773046419,247.0477730464191
checked,7.19,7.3485,20.465456880629063,7.368965456880629,178.96545688062827
from,7.38,7.50825,19.36538890004158,7.527615388900042,147.615388900042
time,7.66,7.668,20.09641914628446,7.688096419146285,28.096419146284468
to,7.74,7.82775,19.739466020837426,7.847489466020837,107.4894660208372
time,8.11,8.14725,19.527046009898186,8.166777046009898,56.77704600989841
by,8.31,8.46675,20.125119015574455,8.486875119015574,176.8751190155733
saying,8.7,8.78625,21.44723106175661,8.807697231061757,107.6972310617581
it,0.66,0.79875,24.42091004922986,0.8231709100492298,163.1709100492298
was,0.78,0.9585,24.584847036749125,0.9830848470367491,203.08484703674912
strange,1.39,1.43775,23.282469948753715,1.4610324699487538,71.0324699487539
too,1.76,1.75725,19.396777031943202,1.7766467770319432,16.646777031943174
that,2.21,2.39625,21.727487910538912,2.417977487910539,207.97748791053917
he,2.32,2.39625,21.727487910538912,2.417977487910539,97.97748791053928
found,2.77,2.71575,20.454763900488615,2.7362047639004885,-33.79523609951151
an,2.91,3.03525,20.717971958220005,3.05596797195822,145.96797195821986
arid,3.3,3.5145,22.916591027751565,3.5374165910277515,237.4165910277517
pleasure,3.81,3.834,19.975570030510426,3.8539755700305105,43.97557003051045
in,3.98,4.1535,19.952208967879415,4.17345220896788,193.4522089678796
following,4.56,4.63275,22.079617949202657,4.654829617949202,94.82961794920274
up,4.79,4.95225,19.12863994948566,4.971378639949486,181.3786399494859
to,4.91,5.112,20.324511919170618,5.132324511919171,222.32451191917056
the,5.06,5.112,20.324511919170618,5.132324511919171,72.3245119191711
end,5.46,5.59125,19.151274114847183,5.610401274114847,150.40127411484684
the,5.84,6.0705,19.09598591737449,6.0895959859173745,249.59598591737463
rigid,6.21,6.39,19.287680042907596,6.409287680042907,199.2876800429073
lines,6.73,6.86925,19.217929802834988,6.888467929802835,158.46792980283465
of,6.84,7.029,20.668287063017488,7.049668287063017,209.66828706301754
the,6.93,7.029,20.668287063017488,7.049668287063017,119.66828706301769
of,7.62,7.82775,20.12156113050878,7.847871561130509,227.87156113050867
the,7.71,7.82775,20.12156113050878,7.847871561130509,137.8715611305088
church,8.13,8.14725,19.495912827551365,8.166745912827551,36.74591282755024
and,8.62,8.78625,18.97606416605413,8.805226064166055,185.2260641660557
into,9.71,9.74475,20.386392017826438,9.765136392017826,55.136392017825386
silences,11.09,11.02275,20.44679899699986,11.043196798997,-46.80320100299973
only,11.53,11.502,20.38648398593068,11.522386483985931,-7.613516014068011
to,11.67,11.8215,19.0768139436841,11.840576813943684,170.5768139436845
hear,12.18,12.141,20.916433073580265,12.16191643307358,-18.083566926419437
and,12.38,12.4605,19.166092853993177,12.479666092853993,99.66609285399208
feel,12.84,12.78,19.05722706578672,12.799057227065786,-40.94277293421378
the,12.92,13.25925,19.56923003308475,13.278819230033085,358.8192300330846
more,13.15,13.419,19.532728008925915,13.438532728008926,288.53272800892603
deeply,13.64,13.7385,19.328549038618803,13.757828549038619,117.82854903861839
his,13.92,14.058,20.410503027960658,14.07841050302796,158.41050302796054
own,14.25,14.21775,19.077524077147245,14.236827524077148,-13.1724759228522
condemnation,15.17,15.17625,17.745306016877294,15.193995306016877,23.99530601687694
the,0.64,0.79875,25.326529052108526,0.8240765290521085,184.07652905210847
sentence,1.13,1.278,23.903145920485258,1.3019031459204853,171.9031459204854
of,1.27,1.43775,23.508159909397364,1.4612581599093974,191.25815990939742
saint,1.62,1.75725,22.830944042652845,1.7800809440426528,160.08094404265273
james,2.08,2.2365,21.303141955286264,2.257803141955286,177.80314195528612
which,2.61,2.71575,20.57960000820458,2.7363296000082045,126.3296000082046
says,2.99,3.03525,21.302040899172425,3.0565520408991724,66.55204089917221
that,3.17,3.195,20.7626239862293,3.215762623986229,45.762623986229215
he,3.47,3.5145,21.405266830697656,3.5359052668306976,65.90526683069741
who,3.73,3.834,21.05475589632988,3.85505475589633,125.05475589632997
offends,4.22,4.31325,24.222549982368946,4.337472549982369,117.47254998236923
against,4.62,4.63275,21.045148139819503,4.653795148139819,33.7951481398191
one,4.89,5.112,20.43183916248381,5.132431839162484,242.43183916248424
commandment,5.48,5.59125,19.76187387481332,5.611011873874813,131.0118738748125
becomes,5.88,6.0705,20.943616051226854,6.091443616051227,211.44361605122697
guilty,6.31,6.39,21.800674963742495,6.411800674963742,101.80067496374257
of,6.46,6.54975,19.4875281304121,6.5692375281304125,109.23752813041254
all,6.91,7.029,19.921356812119484,7.048921356812119,138.92135681211926
had,7.37,7.50825,20.111542893573642,7.528361542893574,158.36154289357384
seemed,7.72,7.82775,22.638746071606874,7.850388746071607,130.3887460716071
to,7.81,7.9875,21.131475921720266,8.008631475921721,198.63147592172137
him,8.11,8.14725,21.11872099339962,8.1683687209934,58.36872099339985
first,8.58,8.6265,21.06062392704189,8.647560623927042,67.56062392704187
a,8.7,9.10575,20.898696966469288,9.12664869696647,426.6486969664704
swollen,9.31,9.42525,21.7919850256294,9.44704198502563,137.04198502562903
phrase,9.76,9.9045,25.347151793539524,9.92984715179354,169.84715179354026
until,10.44,10.5435,21.443524165078998,10.564943524165079,124.94352416507937
he,10.62,10.70325,20.297728944569826,10.72354772894457,103.5477289445712
had,10.79,10.863,20.515233976766467,10.883515233976766,93.51523397676686
begun,11.2,11.1825,22.998722037300467,11.2054987220373,5.498722037300396
to,11.33,11.502,20.311200991272926,11.522311200991274,192.31120099127352
in,11.82,11.98125,23.213868029415607,12.004463868029415,184.4638680294146
the,11.94,12.141,23.857508087530732,12.16485750808753,224.85750808753124
darkness,12.46,12.4605,21.817496977746487,12.482317496977746,22.31749697774532
of,12.54,12.78,23.024160880595446,12.803024160880595,263.0241608805957
his,12.74,12.78,23.024160880595446,12.803024160880595,63.02416088059459
own,12.99,12.93975,21.735782036557794,12.961485782036558,-28.514217963442334
state,13.49,13.57875,21.728344028815627,13.600478344028815,110.47834402881485
if,0.6,0.79875,33.578841015696526,0.8323288410156965,232.3288410156965
a,0.67,0.9585,20.47011791728437,0.9789701179172844,308.97011791728437
man,0.92,1.11825,20.401970017701387,1.1386519700177014,218.6519700177013
had,1.09,1.278,21.310007898136973,1.299310007898137,209.31000789813692
stolen,1.53,1.5975,22.859377088025212,1.6203593770880251,90.3593770880251
a,1.6,1.917,21.212284918874502,1.9382122849188745,338.21228491887445
pound,2.1,2.2365,20.616431022062898,2.257116431022063,157.11643102206273
in,2.18,2.39625,20.23130189627409,2.4164813018962743,236.48130189627415
his,2.43,2.39625,20.23130189627409,2.4164813018962743,-13.518698103725857
youth,2.9,2.8755,20.370128098875284,2.8958701280988755,-4.12987190112446
and,3.09,3.195,19.135120091959834,3.2141351200919597,124.13512009195982
had,3.25,3.35475,18.960287095978856,3.373710287095979,123.71028709597897
used,3.77,3.834,20.1119480188936,3.8541119480188937,84.11194801889366
that,3.99,3.99375,20.05368610844016,4.0138036861084405,23.803686108440303
pound,4.48,4.473,20.19588788971305,4.493195887889713,13.195887889712488
to,4.7,4.7925,20.420582965016365,4.812920582965017,112.92058296501662
a,5.15,5.4315,19.5183411706239,5.451018341170624,301.01834117062333
huge,5.53,5.751,20.333371125161648,5.771333371125162,241.33337112516173
fortune,5.95,6.0705,21.580982021987438,6.0920809820219874,142.08098202198727
how,6.54,6.7095,19.272969104349613,6.72877296910435,188.7729691043498
much,6.87,6.86925,20.127739990130067,6.88937773999013,19.37773999013004
was,7.02,7.18875,20.708300173282623,7.209458300173282,189.4583001732828
he,7.16,7.18875,20.708300173282623,7.209458300173282,49.45830017328223
obliged,7.88,7.668,20.248217973858118,7.688248217973858,-191.75178202614163
to,7.97,7.9875,19.593965960666537,8.007093965960667,37.0939659606675
give,8.25,8.307,19.020559964701533,8.326020559964702,76.02055996470192
back,8.63,8.6265,19.343000138178468,8.645843000138179,15.843000138177743
the,9.2,9.42525,19.011188065633178,9.444261188065633,244.26118806563403
pound,9.63,9.585,20.376089960336685,9.605376089960338,-24.623910039663244
he,9.72,9.9045,19.302135100588202,9.923802135100589,203.8021351005881
had,9.86,10.06425,18.946244148537517,10.083196244148537,223.19624414853757
stolen,10.38,10.5435,19.09907814115286,10.562599078141153,182.59907814115195
only,10.72,10.70325,20.52763383835554,10.723777633838356,3.7776338383554986
or,11.18,11.502,21.132889902219176,11.52313288990222,343.13288990222014
the,11.28,11.502,21.132889902219176,11.52313288990222,243.13288990222048
pound,11.73,11.66175,21.751595893874764,11.683501595893874,-46.498404106126046
together,12.18,12.141,22.668446879833937,12.163668446879834,-16.331553120165765
with,12.37,12.4605,20.29126579873264,12.480791265798732,110.79126579873311
the,12.45,12.62025,20.3528159763664,12.640602815976367,190.60281597636754
compound,13.07,13.0995,21.299119107425213,13.120799119107426,50.79911910742574
interest,13.53,13.57875,18.992864061146975,13.597742864061146,67.74286406114705
accruing,14.02,14.21775,19.03507416136563,14.236785074161366,216.7850741613666
upon,14.37,14.53725,21.692075999453664,14.558942075999454,188.9420759994547
it,14.54,14.53725,21.692075999453664,14.558942075999454,18.942075999454744
or,15.2,15.17625,19.106348045170307,15.19535634804517,-4.643651954829409
all,15.5,15.6555,19.50764306820929,15.67500764306821,175.00764306820926
his,15.69,15.81525,18.98184884339571,15.834231848843396,144.2318488433969
huge,16.03,16.13475,20.133950049057603,16.154883950049058,124.88395004905684
fortune,16.51,16.45425,19.902447937056422,16.474152447937055,-35.847552062946875
if,0.47,0.79875,26.822468964383006,0.825572468964383,355.572468964383
a,0.54,0.9585,19.070331007242203,0.9775703310072422,437.5703310072422
layman,0.95,1.11825,20.43653093278408,1.138686530932784,188.68653093278408
in,1.31,1.5975,19.624629989266396,1.6171246299892663,307.1246299892663
giving,1.61,1.75725,20.845005987212062,1.778095005987212,168.09500598721195
baptism,2.23,2.39625,19.7253730148077,2.415975373014808,185.97537301480793
pour,2.57,2.8755,21.679136203601956,2.897179136203602,327.1791362036023
the,2.68,2.8755,21.679136203601956,2.897179136203602,217.17913620360196
water,3.1,3.195,19.71139805391431,3.214711398053914,114.71139805391405
before,3.59,3.5145,19.589672796428204,3.534089672796428,-55.9103272035717
saying,3.99,4.1535,19.724495010450482,4.173224495010451,183.22449501045045
the,4.09,4.31325,19.552258076146245,4.332802258076146,242.80225807614642
words,4.52,4.63275,19.582482054829597,4.652332482054829,132.3324820548297
is,4.93,4.95225,19.72084096632898,4.971970840966329,41.970840966329526
the,5.04,5.27175,19.552029902115464,5.291302029902115,251.30202990211535
child,5.5,5.4315,19.690569955855608,5.451190569955855,-48.80943004414462
baptized,6.27,6.39,19.479954848065972,6.409479954848066,139.4799548480661
how,0.62,0.79875,25.743257952854037,0.824493257952854,204.493257952854
comes,0.92,1.11825,27.43387594819069,1.1456838759481907,225.6838759481906
it,1.06,1.278,25.62989084981382,1.3036298908498138,243.6298908498138
that,1.43,1.5975,20.7224078476429,1.6182224078476428,188.22240784764287
while,1.69,1.917,22.01489615254104,1.939014896152541,249.01489615254113
the,1.79,1.917,22.01489615254104,1.939014896152541,149.01489615254104
first,2.21,2.2365,20.502402912825346,2.2570024029128253,47.00240291282532
beatitude,2.91,2.8755,22.7263739798218,2.898226373979822,-11.773626020178174
promises,3.49,3.5145,20.351808052510023,3.53485180805251,44.85180805250977
the,3.59,3.834,21.420003846287727,3.855420003846288,265.42000384628795
kingdom,3.96,3.99375,20.789623958989978,4.01453962395899,54.53962395899037
of,4.09,4.1535,19.43060802295804,4.172930608022958,82.93060802295838
heaven,4.35,4.63275,19.844908034428954,4.652594908034429,302.594908034429
to,4.46,4.63275,19.844908034428954,4.652594908034429,192.5949080344287
the,4.56,4.7925,19.744404824450612,4.812244404824451,252.24440482445144
poor,4.9,4.95225,20.2293680049479,4.972479368004948,72.47936800494782
of,5.0,5.112,20.29054588638246,5.132290545886383,132.29054588638257
heart,5.41,5.4315,20.38788190111518,5.451887881901115,41.88788190111481
the,5.95,6.39,20.819948986172676,6.410819948986172,460.81994898617216
second,6.47,6.54975,20.227012922987342,6.569977012922988,99.977012922988
promises,7.86,7.82775,19.313911208882928,7.847063911208883,-12.936088791117406
also,8.39,8.307,20.35769517533481,8.327357695175335,-62.64230482466537
to,8.54,8.6265,19.096867879852653,8.645596867879853,105.59686787985356
the,8.65,8.946,19.236033083871007,8.96523603308387,315.2360330838704
meek,9.06,9.2655,20.307937869802117,9.285807937869802,225.80793786980104
that,9.3,9.42525,19.307115115225315,9.444557115115225,144.55711511522475
they,9.53,9.585,19.289694959297776,9.604289694959299,74.28969495929927
shall,9.75,9.9045,19.095410127192736,9.923595410127193,173.59541012719325
possess,10.21,10.224,19.31710890494287,10.243317108904943,33.317108904942216
the,10.31,10.5435,19.64453305117786,10.563144533051178,253.14453305117723
land,10.79,10.70325,19.29557486437261,10.722545574864373,-67.45442513562594
why,0.61,0.79875,24.158422835171223,0.8229084228351712,212.9084228351712
was,0.83,0.9585,24.124324787408113,0.9826243247874081,152.62432478740817
the,0.92,1.11825,24.283129023388028,1.142533129023388,222.53312902338794
sacrament,1.57,1.5975,18.975323997437954,1.6164753239974379,46.47532399743781
of,1.68,1.75725,18.97248881869018,1.7762224888186902,96.22248881869022
the,1.78,2.07675,20.061540883034468,2.0968115408830346,316.8115408830345
eucharist,2.37,2.556,17.458175076171756,2.573458175076172,203.4581750761717
under,3.44,3.5145,19.499729853123426,3.5339997298531234,93.99972985312344
the,3.58,3.67425,20.268652820959687,3.6945186528209595,114.5186528209594
two,3.83,4.1535,19.201820949092507,4.172701820949093,342.7018209490926
species,4.4,4.473,20.30736510641873,4.493307365106419,93.30736510641825
of,4.55,4.63275,19.535206025466323,4.652285206025466,102.28520602546621
bread,4.92,5.112,21.72075817361474,5.133720758173615,213.7207581736149
and,5.16,5.27175,20.47813986428082,5.292228139864281,132.22813986428062
wine,5.58,5.59125,21.686668042093515,5.612936668042093,32.93666804209305
if,6.12,6.23025,21.62122493609786,6.251871224936098,131.8712249360976
jesus,6.55,6.54975,21.1961860768497,6.57094618607685,20.94618607685028
christ,7.06,7.029,18.95554712973535,7.047955547129735,-12.044452870264344
be,7.2,7.3485,19.11510480567813,7.367615104805678,167.61510480567753
present,7.71,7.82775,17.600327963009477,7.8453503279630095,135.3503279630095
body,8.1,8.307,18.875506008043885,8.325875506008044,225.87550600804462
and,8.26,8.46675,18.9365241676569,8.485686524167656,225.68652416765644
blood,8.64,8.6265,19.5802990347147,8.646080299034715,6.080299034714187
and,9.54,9.74475,19.216218031942844,9.763966218031943,223.9662180319435
divinity,10.22,10.224,19.07679787836969,10.24307679787837,23.07679787836925
in,10.53,10.70325,20.059817004948854,10.72330981700495,193.3098170049501
the,10.63,10.70325,20.059817004948854,10.72330981700495,93.30981700494867
bread,10.92,11.02275,20.168825052678585,11.042918825052679,122.91882505267893
alone,11.48,11.34225,19.99563118442893,11.362245631184429,-117.75436881557155
and,11.91,11.98125,19.263668917119503,12.000513668917119,90.51366891711865
in,12.01,12.141,19.15315119549632,12.160153151195496,150.15315119549655
the,12.09,12.30075,18.8579389359802,12.319607938935981,229.60793893598108
wine,12.43,12.62025,19.949696958065033,12.640199696958065,210.19969695806572
alone,12.87,12.93975,20.478838123381138,12.960228838123381,90.228838123382
if,0.5,0.639,26.891218964010477,0.6658912189640105,165.89121896401048
the,0.6,0.79875,25.40139202028513,0.8241513920202851,224.1513920202851
wine,1.03,1.11825,26.569660054519773,1.1448196600545197,114.81966005451972
into,1.56,1.917,17.620992846786976,1.934620992846787,374.620992846787
vinegar,2.05,2.2365,19.664450082927942,2.256164450082928,206.16445008292806
and,2.52,2.71575,21.150817163288593,2.7369008171632885,216.90081716328845
the,2.61,2.71575,21.150817163288593,2.7369008171632885,126.90081716328861
host,3.08,3.195,20.374021027237177,3.215374021027237,135.37402102723695
crumble,3.55,3.67425,19.2316600587219,3.6934816600587217,143.48166005872187
into,3.75,3.834,19.416646100580692,3.8534166461005808,103.41664610058076
corruption,4.45,4.473,19.267156021669507,4.492267156021669,42.267156021669194
after,4.8,4.7925,21.434135967865586,4.813934135967866,13.93413596786619
they,4.94,5.112,21.313154138624668,5.133313154138625,193.31315413862438
have,5.1,5.27175,21.29228296689689,5.293042282966897,193.04228296689718
been,5.28,5.4315,22.97150413505733,5.454471504135057,174.47150413505685
consecrated,6.06,6.0705,21.108384942635894,6.091608384942636,31.60838494263629
is,6.62,6.7095,19.568229094147682,6.729068229094148,109.06822909414782
jesus,7.08,7.18875,22.95234613120556,7.211702346131205,131.70234613120525
christ,7.67,7.668,21.54068509116769,7.689540685091168,19.54068509116791
still,7.98,7.9875,21.447967970743775,8.008947967970744,28.94796797074406
present,8.49,8.6265,20.861485041677952,8.647361485041678,157.36148504167778
under,8.69,8.78625,19.948712084442377,8.806198712084443,116.19871208444366
their,8.88,8.946,19.50779091566801,8.965507790915668,85.50779091566696
species,9.57,9.585,18.949327990412712,9.603949327990414,33.94932799041328
as,9.73,9.74475,19.045151071622968,9.763795151071623,33.79515107162234
god,10.16,10.06425,20.14125301502645,10.084391253015026,-75.60874698497422
and,10.51,10.5435,20.5944599583745,10.564094459958374,54.094459958374586
as,10.68,10.70325,20.719981053844094,10.723969981053845,43.969981053844975
man,11.14,11.02275,20.467852940782905,11.043217852940783,-96.7821470592174
a,0.62,0.9585,24.195136036723852,0.9826951360367239,362.69513603672385
gentle,0.94,1.11825,28.46259600482881,1.1467125960048288,206.71259600482884
kick,1.27,1.43775,22.708890959620476,1.4604588909596206,190.45889095962053
from,1.43,1.5975,20.415392005816102,1.617915392005816,187.91539200581607
the,1.51,1.75725,20.84868191741407,1.778098681917414,268.098681917414
tall,1.88,1.917,21.658153971657157,1.9386581539716572,58.6581539716573
boy,2.17,2.2365,20.47389908693731,2.2569738990869372,86.97389908693731
in,2.35,2.556,20.44221688993275,2.576442216889933,226.44221688993272
the,2.44,2.556,20.44221688993275,2.576442216889933,136.44221688993287
bench,2.73,2.8755,21.874611964449286,2.8973746119644495,167.37461196444946
behind,3.23,3.195,19.38971201889217,3.214389712018892,-15.610287981107973
urged,3.96,3.99375,20.526089007034898,4.014276089007035,54.27608900703529
stephen,4.44,4.63275,19.07761814072728,4.651827618140727,211.8276181407266
to,4.63,4.7925,20.815732888877392,4.813315732888878,183.31573288887793
ask,4.97,4.95225,20.673451013863087,4.972923451013863,2.9234510138635983
a,5.03,5.4315,22.0965298358351,5.453596529835835,423.59652983583464
difficult,5.53,5.59125,18.963050097227097,5.610213050097227,80.21305009722646
question,6.11,5.91075,19.76552908308804,5.930515529083088,-179.4844709169121
the,0.65,0.79875,25.22362698800862,0.8239736269880086,173.97362698800856
rector,1.0,1.278,23.51343003101647,1.3015134300310165,301.51343003101647
did,1.21,1.278,23.51343003101647,1.3015134300310165,91.51343003101653
not,1.45,1.43775,22.659277077764273,1.4604092770777644,10.4092770777644
ask,1.74,1.75725,19.029668997973204,1.7762796689979732,36.27966899797319
for,1.9,2.07675,19.205596996471286,2.0959555969964714,195.95559699647146
a,1.96,2.2365,19.028991926461458,2.2555289919264614,295.5289919264614
catechism,2.61,2.71575,20.14911104924977,2.7358991110492497,125.89911104924978
to,2.71,2.8755,19.064462976530194,2.8945644629765304,184.5644629765304
hear,2.98,3.195,19.584506982937455,3.2145845069829373,234.5845069829373
the,3.07,3.195,19.584506982937455,3.2145845069829373,144.58450698293746
lesson,3.42,3.67425,18.996126018464565,3.6932461260184644,273.24612601846445
from,3.74,3.834,20.70470806211233,3.8547047080621124,114.70470806211219
he,0.38,0.47925,24.447509087622166,0.5036975090876221,123.69750908762211
clasped,0.91,0.9585,26.692086830735207,0.9851920868307352,75.19208683073519
his,1.09,1.11825,30.160073889419436,1.1484100738894194,58.41007388941932
hands,1.42,1.5975,20.9426439832896,1.6184426439832895,198.4426439832896
on,1.51,1.75725,21.92045794799924,1.7791704579479992,269.1704579479992
the,1.63,1.75725,21.92045794799924,1.7791704579479992,149.17045794799932
desk,2.01,2.07675,23.278976092115045,2.100028976092115,90.02897609211536
and,2.16,2.39625,21.01577492430806,2.4172657749243083,257.2657749243081
said,2.46,2.556,21.892346907407045,2.577892346907407,117.89234690740713
the,0.41,0.79875,26.309917913749814,0.8250599179137498,415.0599179137498
retreat,0.93,0.9585,31.294611049816012,0.989794611049816,59.794611049815984
will,1.12,1.278,26.629289845004678,1.3046292898450047,184.6292898450046
begin,1.62,1.75725,23.30981893464923,1.7805598189346492,160.55981893464912
on,1.89,1.917,21.61599905230105,1.938615999052301,48.615999052301184
wednesday,2.47,2.556,19.50235408730805,2.575502354087308,105.5023540873079
in,3.39,3.5145,19.542750203981996,3.534042750203982,144.04275020398183
of,3.91,3.99375,19.538769032806158,4.0132887690328065,103.28876903280637
saint,4.18,4.31325,21.66718104854226,4.334917181048542,154.91718104854257
francis,4.74,4.7925,19.76705901324749,4.812267059013248,72.2670590132477
whose,5.67,5.91075,20.578991156071424,5.931328991156072,261.32899115607165
feast,6.14,6.23025,19.33094603009522,6.249580946030095,109.58094603009539
day,6.52,6.39,20.384923089295626,6.410384923089295,-109.61507691070426
is,6.72,6.86925,19.129907945171,6.888379907945171,168.37990794517134
saturday,7.43,7.3485,21.424622973427176,7.369924622973427,-60.07537702657295
on,0.42,0.639,24.004347855225205,0.6630043478552252,243.00434785522523
friday,0.85,0.9585,24.119294015690684,0.9826192940156907,132.6192940156907
confession,1.77,1.917,19.523160997778177,1.9365231609977782,166.5231609977782
will,1.97,2.2365,20.440132124349475,2.2569401321243494,286.9401321243494
be,2.1,2.2365,20.440132124349475,2.2569401321243494,156.9401321243493
heard,2.57,2.71575,22.004881873726845,2.7377548818737267,167.7548818737269
all,2.83,3.03525,20.807360066100955,3.056057360066101,226.0573600661009
the,2.97,3.195,20.727999042719603,3.2157279990427194,245.72799904271926
afternoon,3.58,3.35475,20.57098294608295,3.375320982946083,-204.679017053917
after,3.92,3.99375,21.171906031668186,4.0149219060316685,94.92190603166861
beads,4.39,4.473,22.907132981345057,4.495907132981345,105.90713298134524
beware,0.98,0.9585,29.254560824483633,0.9877545608244837,7.7545608244836695
of,1.12,1.278,24.01308505795896,1.302013085057959,182.01308505795888
making,1.64,1.5975,22.848846158012748,1.6203488461580127,-19.651153841987234
that,1.9,1.917,20.48001205548644,1.9374800120554865,37.48001205548657
mistake,2.53,2.715,19.102743128314614,2.7341027431283145,204.10274312831467
stephen's,1.02,1.278,45.12577294372022,1.3231257729437202,303.1257729437202
heart,1.4,1.43775,20.757900085300207,1.4585079000853003,58.50790008530038
began,1.99,1.917,20.87801299057901,1.937878012990579,-52.12198700942095
slowly,2.55,2.556,19.78013594634831,2.5757801359463484,25.780135946348537
to,2.69,2.8755,19.453296903520823,2.894953296903521,204.95329690352105
fold,3.24,3.35475,21.79067092947662,3.3765406709294767,136.54067092947653
and,3.47,3.834,19.58373887464404,3.853583738874644,383.5837388746439
fade,3.9,3.99375,20.764370914548635,4.014514370914549,114.51437091454908
with,4.06,4.1535,19.580748165026307,4.1730807481650265,113.08074816502689
fear,4.6,4.473,19.305404974147677,4.4923054049741475,-107.6945950258521
like,5.05,5.112,19.323030952364206,5.131323030952364,81.32303095236449
a,5.12,5.27175,19.53772595152259,5.2912877259515225,171.28772595152242
withering,5.59,5.751,19.260451896116138,5.7702604518961165,180.26045189611662
flower,6.11,6.0705,19.801512826234102,6.090301512826234,-19.69848717376621
he,0.69,0.79875,26.101260911673307,0.8248512609116733,134.8512609116733
is,0.86,1.278,44.06707896851003,1.32206707896851,462.0670789685101
called,1.28,1.278,44.06707896851003,1.32206707896851,42.06707896851003
as,1.41,1.5975,19.328156020492315,1.6168281560204922,206.82815602049232
you,1.51,1.75725,19.320571795105934,1.776570571795106,266.5705717951059
know,1.88,1.917,19.20998701825738,1.9362099870182574,56.20998701825752
the,2.3,2.556,19.672657130286098,2.575672657130286,275.6726571302863
apostle,2.97,3.195,20.226788939908147,3.215226788939908,245.2267889399078
of,3.09,3.195,20.226788939908147,3.215226788939908,125.22678893990813
the,3.22,3.35475,19.412499852478504,3.3741624998524786,154.16249985247842
indies,3.79,3.834,21.571259014308453,3.8555712590143085,65.5712590143085
a,0.41,0.79875,36.57651203684509,0.835326512036845,425.3265120368451
great,0.72,0.79875,36.57651203684509,0.835326512036845,115.32651203684507
saint,1.17,1.278,22.690837970003486,1.3006908379700035,130.69083797000357
saint,1.91,2.07675,22.457777988165617,2.0992077779881657,189.2077779881658
francis,2.48,2.556,19.89818108268082,2.575898181082681,95.89818108268089
the,0.66,0.9585,24.985172087326646,0.9834851720873267,323.48517208732665
rector,1.0,1.11825,28.308809036388993,1.146558809036389,146.55880903638896
paused,1.57,1.5975,20.44330886565149,1.6179433088656514,47.943308865651346
and,1.73,1.917,19.45332600735128,1.9364533260073513,206.45332600735134
then,2.08,2.07675,19.243392162024975,2.095993392162025,15.993392162025
shaking,2.84,2.8755,21.532211918383837,2.897032211918384,57.03221191838415
his,3.04,3.03525,20.348093938082457,3.0555980939380825,15.598093938082425
hands,4.05,4.1535,22.637434070929885,4.17613743407093,126.13743407093025
before,4.45,4.31325,21.429154090583324,4.334679154090583,-115.32084590941682
him,4.7,4.7925,21.15700487047434,4.813657004870475,113.6570048704746
went,5.08,5.27175,21.217012777924538,5.2929670127779245,212.9670127779244
on,5.4,5.4315,20.941692870110273,5.45244169287011,52.44169287010969
he,0.6,0.79875,23.66710500791669,0.8224171050079166,222.41710500791666
had,0.86,0.9585,23.587653879076242,0.9820876538790763,122.08765387907627
the,0.99,1.278,23.653944954276085,1.301653944954276,311.65394495427614
faith,1.4,1.43775,25.988098932430148,1.4637380989324302,63.73809893243032
in,1.5,1.75725,19.635009113699198,1.7768850091136992,276.8850091136992
him,1.85,1.917,19.522832008078694,1.9365228320080787,86.52283200807864
that,2.04,2.07675,19.556252053007483,2.0963062520530076,56.30625205300754
moves,2.44,2.556,19.802219001576304,2.5758022190015764,135.80221900157642
a,0.35,0.639,24.423327995464206,0.6634233279954642,313.42332799546426
great,0.71,0.79875,24.407121120020747,0.8231571211200207,113.15712112002075
saint,1.27,1.43775,26.38908987864852,1.4641390898786486,194.13908987864858
saint,1.85,2.07675,20.78599203377962,2.0975359920337797,247.53599203377962
in,0.58,0.79875,24.171921191737056,0.822921921191737,242.92192119173706
the,0.69,1.11825,24.250996997579932,1.14250099699758,452.50099699757993
silence,1.22,1.278,24.10211507230997,1.30210211507231,82.10211507231003
their,1.61,1.917,19.527947064489126,1.9365279470644892,326.52794706448907
dark,1.92,2.07675,19.22095101326704,2.095970951013267,175.9709510132672
fire,2.34,2.39625,19.15729488246143,2.4154072948824616,75.40729488246178
kindled,2.99,3.03525,19.669502042233944,3.054919502042234,64.91950204223373
the,3.14,3.35475,19.131367094814777,3.373881367094815,233.88136709481478
dusk,3.63,3.67425,22.190955001860857,3.6964409550018607,66.44095500186076
into,4.03,3.99375,20.55405010469258,4.014304050104693,-15.695949895307315
a,4.09,4.31325,20.534865092486143,4.333784865092486,243.7848650924863
tawny,4.55,4.7925,20.488544832915068,4.8129885448329155,262.9885448329157
glow,4.96,5.112,20.47203597612679,5.132472035976127,172.47203597612693
he,0.68,0.79875,22.99621282145381,0.8217462128214538,141.74621282145372
could,0.82,0.9585,23.813851876184344,0.9823138518761844,162.3138518761844
wait,1.1,1.11825,24.642260977998376,1.1428922609779983,42.892260977998255
no,1.22,1.43775,23.89340801164508,1.4616434080116452,241.6434080116452
longer,1.76,1.5975,21.26390696503222,1.6187639069650321,-141.23609303496787
for,0.51,0.639,25.067302864044905,0.6640673028640449,154.0673028640449
a,0.57,0.9585,25.436431169509888,0.9839364311695099,413.93643116950994
full,0.92,1.11825,25.292604928836226,1.1435426049288362,223.54260492883614
hour,1.22,1.278,24.024346843361855,1.3020243468433619,82.02434684336191
he,1.37,1.43775,21.093298913910985,1.458843298913911,88.84329891391096
had,1.52,1.5975,19.377880031242967,1.6168778800312429,96.87788003124287
paced,1.96,2.07675,20.48188098706305,2.097231880987063,137.2318809870632
up,2.09,2.2365,19.650964066386223,2.256150964066386,166.1509640663863
and,2.22,2.556,22.383983014151454,2.5783839830141515,358.3839830141513
down,2.6,2.556,22.383983014151454,2.5783839830141515,-21.616016985848585
waiting,3.02,3.03525,22.249310044571757,3.0574993100445718,37.49931004457174
but,3.61,3.67425,20.21521609276533,3.694465216092765,84.46521609276525
he,3.71,3.834,20.11288795620203,3.854112887956202,144.11288795620214
could,3.89,3.99375,19.236312014982104,4.0129863120149825,122.98631201498233
wait,4.24,4.31325,19.501192960888147,4.332751192960888,92.75119296088796
no,4.37,4.63275,20.401234971359372,4.653151234971359,283.151234971359
longer,4.91,4.7925,19.42912512458861,4.811929125124589,-98.0708748754111
he,0.67,0.9585,24.910208070650697,0.9834102080706507,313.4102080706507
set,0.94,1.278,24.693456944078207,1.3026934569440782,362.69345694407826
off,1.19,1.278,24.693456944078207,1.3026934569440782,112.69345694407829
abruptly,1.71,1.917,19.173035165295005,1.936173035165295,226.1730351652951
for,1.87,2.07675,20.555142080411315,2.0973051420804114,227.30514208041131
the,1.95,2.07675,20.555142080411315,2.0973051420804114,147.30514208041146
bull,2.41,2.556,22.82137400470674,2.578821374004707,168.82137400470666
walking,3.22,3.195,21.41938591375947,3.2164193859137593,-3.5806140862408853
rapidly,3.75,3.834,19.269848009571433,3.8532698480095715,103.2698480095715
lest,4.04,4.31325,21.174177061766386,4.334424177061766,294.4241770617664
his,4.22,4.31325,21.174177061766386,4.334424177061766,114.42417706176667
shrill,5.11,5.27175,18.917432986199856,5.2906674329862,180.66743298619946
might,5.71,5.91075,20.16144501976669,5.930911445019767,220.9114450197669
call,5.94,6.0705,20.13694797642529,6.090636947976425,150.6369479764249
him,6.07,6.23025,20.095922984182835,6.250345922984183,180.34592298418238
back,6.42,6.39,20.62001987360418,6.410620019873604,-9.37998012639607
and,7.25,7.3485,19.054944859817624,7.367554944859817,117.55494485981721
in,7.32,7.668,21.319429157301784,7.689319429157302,369.31942915730167
a,7.39,7.668,21.319429157301784,7.689319429157302,299.31942915730224
few,7.6,7.668,21.319429157301784,7.689319429157302,89.3194291573023
moments,8.03,7.9875,21.35489578358829,8.008854895783589,-21.14510421641036
he,8.14,8.307,20.37639683112502,8.327376396831125,187.37639683112485
had,8.32,8.46675,20.36253595724702,8.487112535957246,167.11253595724605
rounded,8.71,8.78625,21.41575887799263,8.807665758877993,97.66575887799256
the,8.81,8.946,20.58639284223318,8.966586392842233,156.5863928422324
curve,9.24,9.42525,20.322752883657813,9.445572752883658,205.57275288365773
at,9.32,9.585,20.474181044846773,9.605474181044848,285.47418104484734
the,9.41,9.585,20.474181044846773,9.605474181044848,195.47418104484748
police,9.78,9.9045,21.35767717845738,9.925857677178458,145.85767717845854
barrack,10.26,10.38375,19.982276018708944,10.403732276018708,143.73227601870832
and,10.59,10.70325,19.254309125244617,10.722504309125245,132.50430912524536
was,10.73,10.863,18.949660938233137,10.881949660938233,151.94966093823226
safe,11.24,11.34225,17.339766956865788,11.359589766956866,119.58976695686552
the,0.72,0.9585,23.238220950588584,0.9817382209505886,261.73822095058864
after,1.02,1.11825,24.739491054788232,1.1429894910547882,122.98949105478818
satisfaction,1.9,1.75725,18.947347067296505,1.7761973470672965,-123.80265293270342
uplifted,2.42,2.556,20.040942123159766,2.57604094212316,156.04094212315988
him,2.68,2.71575,19.20253410935402,2.734952534109354,54.95253410935375
like,2.95,3.03525,19.069544039666653,3.0543195440396667,104.31954403966648
long,3.4,3.67425,18.56692903675139,3.692816929036751,292.8169290367513
slow,4.07,4.1535,19.01591895148158,4.172515918951482,102.5159189514815
waves,4.79,4.7925,20.449994131922722,4.812949994131923,22.949994131923113
feet,0.9,0.9585,28.81754795089364,0.9873175479508937,87.31754795089364
are,1.25,1.278,24.511484894901514,1.3025114848949015,52.51148489490154
as,1.47,1.5975,19.634408876299858,1.6171344088762998,147.1344088762998
the,1.58,1.75725,19.270507153123617,1.7765205071531236,196.52050715312353
feet,1.86,1.917,20.072502084076405,1.9370725020840764,77.07250208407635
of,1.96,2.07675,19.002942135557532,2.0957529421355576,135.75294213555767
and,2.8,3.03525,20.565814804285765,3.0558158148042858,255.81581480428594
the,3.83,3.99375,21.712210960686207,4.015462210960687,185.4622109606865
everlasting,4.57,4.63275,21.171980071812868,4.653921980071813,83.92198007181229
arms,5.19,5.27175,21.194583969190717,5.292944583969191,102.94458396919026
the,0.27,0.47925,24.009295972064137,0.5032592959720641,233.25929597206408
pride,0.67,0.79875,28.341911965981126,0.8270919119659811,157.09191196598104
of,0.74,0.9585,23.85708410292864,0.9823570841029287,242.35708410292867
that,0.95,1.11825,24.206138914451003,1.142456138914451,192.456138914451
dim,1.22,1.43775,22.952642990276217,1.4607026429902763,240.70264299027633
image,1.69,1.75725,20.723401103168726,1.7779734011031687,87.97340110316875
brought,2.02,2.07675,19.357677083462477,2.0961076770834626,76.10767708346256
back,2.33,2.39625,19.379734992980957,2.415629734992981,85.6297349929811
to,2.46,2.556,19.8064090218395,2.5758064090218395,115.80640902183958
his,2.65,2.71575,20.32187394797802,2.736071873947978,86.07187394797799
mind,3.08,3.03525,20.718544954434037,3.055968544954434,-24.03145504556603
the,3.29,3.5145,20.21718490868807,3.534717184908688,244.71718490868798
of,3.99,4.1535,20.158939994871616,4.173658939994872,183.6589399948716
the,4.14,4.31325,19.090841058641672,4.332340841058642,192.340841058642
office,4.52,4.7925,18.908578203991055,4.8114085782039915,291.4085782039919
he,4.62,4.7925,18.908578203991055,4.8114085782039915,191.40857820399137
had,4.82,4.95225,18.7625540420413,4.971012554042042,151.01255404204127
refused,5.5,5.4315,18.839445197954774,5.4503394451979545,-49.66055480204545
soon,0.79,0.79875,23.99437199346721,0.8227443719934672,32.744371993467134
the,0.88,1.11825,23.674031952396035,1.141924031952396,261.924031952396
whole,1.24,1.5975,18.864735029637814,1.6163647350296377,376.36473502963776
bridge,1.61,1.75725,21.094318944960833,1.7783443189449608,168.34431894496072
was,1.77,1.917,18.956337124109268,1.9359563371241093,165.9563371241093
trembling,2.35,2.39625,19.887031987309456,2.4161370319873097,66.13703198730958
and,2.5,2.8755,20.942820934578776,2.896442820934579,396.44282093457895
resounding,3.11,3.195,18.940045032650232,3.21394004503265,103.9400450326502
the,0.45,0.639,23.481976939365268,0.6624819769393653,212.48197693936527
uncouth,1.01,1.278,21.62931812927127,1.2996293181292713,289.62931812927127
faces,1.49,1.5975,19.453600980341434,1.6169536009803414,126.95360098034136
passed,1.88,1.917,19.819938112050295,1.9368199381120503,56.81993811205044
him,2.04,2.07675,18.68295087479055,2.0954329508747906,55.432950874790606
two,2.27,2.556,19.924626918509603,2.5759246269185097,305.92462691850966
by,2.49,2.556,19.924626918509603,2.5759246269185097,85.92462691850943
two,2.89,2.8755,18.912303959950805,2.894412303959951,4.412303959950847
stained,3.71,3.834,20.950803067535162,3.8549508030675352,144.95080306753528
yellow,4.19,4.1535,22.704455070197582,4.176204455070198,-13.795544929802617
or,4.39,4.473,18.999567022547126,4.491999567022547,101.99956702254731
red,4.77,4.7925,19.99062905088067,4.812490629050881,42.49062905088152
or,4.96,5.112,19.230120116844773,5.131230120116845,171.23012011684492
livid,5.33,5.4315,21.225490840151906,5.452725490840152,122.72549084015161
by,5.53,5.59125,19.116475945338607,5.610366475945338,80.36647594533797
the,5.66,5.91075,19.402777077630162,5.93015277707763,270.15277707763016
sea,6.1,6.23025,19.084718078374863,6.249334718078375,149.33471807837506
and,6.7,6.86925,19.181623123586178,6.888431623123586,188.43162312358606
as,6.84,7.029,20.61830717138946,7.049618307171389,209.61830717138952
he,6.94,7.029,20.61830717138946,7.049618307171389,109.61830717138898
strove,7.35,7.50825,20.179644925519824,7.52842964492552,178.4296449255205
to,7.49,7.668,20.15292807482183,7.688152928074822,198.15292807482177
look,7.71,7.82775,20.33106703311205,7.848081067033112,138.08106703311208
at,7.81,7.9875,20.402449183166027,8.007902449183167,197.90244918316714
them,8.14,8.14725,20.222353050485253,8.167472353050485,27.472353050484344
with,8.35,8.46675,20.722984103485942,8.487472984103485,137.47298410348563
ease,8.74,8.946,20.21388616412878,8.966213886164129,226.2138861641283
and,8.89,8.946,20.21388616412878,8.966213886164129,76.21388616412794
indifference,9.53,9.585,20.078845089301467,9.605078845089302,75.07884508930296
a,9.94,10.38375,23.691304959356785,10.407441304959356,467.44130495935644
faint,10.28,10.38375,23.691304959356785,10.407441304959356,127.44130495935657
stain,10.82,11.02275,20.236789947375655,11.042986789947376,222.98678994737566
of,10.95,11.02275,20.236789947375655,11.042986789947376,92.98678994737664
personal,11.52,11.66175,19.98982997611165,11.681739829976111,161.7398299761117
shame,12.11,12.141,21.26210299320519,12.162262102993205,52.26210299320577
and,12.28,12.30075,20.29062481597066,12.321040624815971,41.04062481597204
commiseration,13.16,13.0995,20.18783101812005,13.11968783101812,-40.31216898187928
rose,13.5,13.7385,20.073533058166504,13.758573533058167,258.5735330581667
to,13.62,13.7385,20.073533058166504,13.758573533058167,138.57353305816744
his,13.82,13.89825,18.974574049934745,13.917224574049936,97.22457404993534
own,14.05,14.058,19.50925518758595,14.077509255187586,27.50925518758507
face,14.55,14.53725,18.805108033120632,14.55605510803312,6.055108033120149
angry,0.78,0.9585,25.131635135039687,0.9836316351350397,203.6316351350397
with,0.94,1.278,25.139544159173965,1.303139544159174,363.139544159174
himself,1.47,1.43775,21.368861896917224,1.4591188618969173,-10.881138103082666
he,1.9,2.07675,20.30751621350646,2.0970575162135066,197.05751621350663
tried,2.24,2.39625,22.433570120483637,2.418683570120484,178.68357012048364
to,2.33,2.39625,22.433570120483637,2.418683570120484,88.68357012048378
hide,2.69,2.8755,22.417372092604637,2.897917372092605,207.91737209260486
his,2.92,3.03525,20.355927059426904,3.055605927059427,135.605927059427
face,3.23,3.35475,20.319947972893715,3.375069947972894,145.06994797289386
from,3.44,3.5145,19.972017034888268,3.5344720170348882,94.47201703488828
their,3.66,3.834,20.36800584755838,3.8543680058475585,194.36800584755832
eyes,4.03,4.1535,21.310808835551143,4.174810808835551,144.8108088355511
by,4.2,4.31325,21.205127937719226,4.334455127937719,134.45512793771908
gazing,4.67,4.7925,20.14252613298595,4.812642526132986,142.64252613298646
down,5.0,4.95225,20.241750171408057,4.972491750171408,-27.50824982859168
sideways,5.74,5.751,18.922567134723067,5.769922567134723,29.922567134723188
into,5.9,6.0705,18.812682945281267,6.089312682945281,189.31268294528093
the,6.03,6.23025,18.946670927107334,6.249196670927107,219.19667092710694
shallow,6.52,6.54975,21.074239164590836,6.570824239164591,50.82423916459167
swirling,7.07,7.18875,19.88907204940915,7.208639072049409,138.6390720494086
water,7.55,7.50825,18.917810870334506,7.527167810870335,-22.832189129665004
under,7.74,7.82775,19.033403135836124,7.846783403135836,106.7834031358359
the,7.86,7.9875,20.027288934215903,8.007527288934217,147.5272889342163
bridge,8.25,8.307,22.428399184718728,8.329428399184719,79.42839918471911
but,8.96,9.10575,20.039310213178396,9.125789310213179,165.789310213178
he,9.07,9.2655,20.218903897330165,9.28571890389733,215.71890389732928
still,9.48,9.42525,20.625062054023147,9.445875062054023,-34.12493794597715
saw,9.91,9.9045,18.97900621406734,9.923479006214068,13.479006214067724
a,9.99,10.224,18.822801997885108,10.242822801997885,252.8228019978851
reflection,10.61,10.5435,19.920852966606617,10.563420852966606,-46.57914703339294
therein,11.19,11.1825,19.99164978042245,11.202491649780422,12.491649780422165
of,11.37,11.502,18.98552686907351,11.520985526869074,150.98552686907496
their,11.52,11.66175,19.223988987505436,11.680973988987505,160.9739889875055
top,11.87,12.141,18.564912024885416,12.159564912024885,289.5649120248862
heavy,12.14,12.30075,21.411326015368104,12.322161326015369,182.16132601536827
silk,12.49,12.62025,24.482013890519738,12.64473201389052,154.73201389051994
hats,12.9,12.93975,22.40763697773218,12.962157636977732,62.15763697773191
and,13.54,13.7385,19.034187076613307,13.757534187076613,217.53418707661433
tape,14.35,14.697,20.157960010692477,14.717157960010692,367.157960010692
like,14.59,14.697,20.157960010692477,14.717157960010692,127.1579600106918
collars,15.18,15.336,20.120871951803565,15.356120871951804,176.12087195180413
and,15.66,15.81525,20.107490941882133,15.835357490941883,175.3574909418827
loosely,16.14,16.2945,18.85833195410669,16.313358331954106,173.35833195410544
hanging,16.67,16.614,20.96451702527702,16.634964517025278,-35.03548297472392
clerical,17.18,17.253,23.06234184652567,17.276062341846526,96.06234184652607
clothes,17.86,17.892,20.58711601421237,17.912587116014212,52.5871160142124
brother,19.18,19.32975,18.782708095386624,19.348532708095387,168.53270809538756
brother,0.64,0.9585,23.328610928729177,0.9818286109287292,341.8286109287292
mac,0.87,1.278,44.613157166168094,1.3226131571661681,452.61315716616815
brother,2.35,2.39625,18.8067180570215,2.4150567180570217,65.05671805702163
their,0.69,1.11825,23.561273934319615,1.1418112739343196,451.8112739343196
piety,1.32,1.43775,23.965449072420597,1.4617154490724207,141.71544907242063
would,1.51,1.5975,19.868989009410143,1.61736898900941,107.36898900941006
be,1.89,1.75725,19.632416078820825,1.7768824160788208,-113.1175839211791
like,2.48,2.556,21.06990711763501,2.577069907117635,97.06990711763508
their,2.63,2.71575,20.23955900222063,2.7359895590022205,105.98955900222063
like,3.53,3.67425,20.077777793630958,3.6943277777936308,164.32777779363096
their,3.68,3.834,19.215119071304798,3.853215119071305,173.2151190713047
faces,4.25,4.1535,20.258694188669324,4.1737586941886695,-76.24130581133048
like,4.72,4.7925,19.442097982391715,4.811942097982392,91.9420979823924
their,4.87,4.95225,20.824030973017216,4.9730740309730175,103.07403097301737
clothes,5.48,5.4315,21.223288029432297,5.452723288029432,-27.276711970568357
and,6.11,6.23025,20.037946058437228,6.250287946058437,140.28794605843675
it,6.17,6.39,21.197975846007466,6.411197975846007,241.1979758460072
was,6.49,6.39,21.197975846007466,6.411197975846007,-78.80202415399307
idle,6.76,7.029,19.99704004265368,7.048997040042654,288.9970400426538
for,6.93,7.029,19.99704004265368,7.048997040042654,118.99704004265388
him,7.27,7.18875,18.92556599341333,7.207675565993413,-62.32443400658649
to,7.41,7.50825,19.42341891117394,7.527673418911174,117.67341891117411
tell,7.64,7.668,20.143301924690604,7.688143301924691,48.14330192469107
that,8.37,8.46675,20.083823008462787,8.486833823008462,116.8338230084629
their,8.52,8.78625,20.261527970433235,8.806511527970434,286.51152797043443
humble,8.98,9.10575,20.217421930283308,9.125967421930284,145.96742193028334
and,9.13,9.2655,19.02298699133098,9.28452298699133,154.52298699132962
contrite,9.55,9.74475,19.589695846661925,9.764339695846662,214.33969584666102
hearts,10.04,10.06425,21.38112485408783,10.085631124854087,45.631124854088156
it,10.18,10.5435,21.204493939876556,10.564704493939876,384.7044939398767
might,10.44,10.5435,21.204493939876556,10.564704493939876,124.70449393987693
be,10.74,10.70325,20.0259811244905,10.723275981124491,-16.724018875509117
paid,11.31,11.66175,21.022323984652758,11.682772323984652,372.77232398465185
a,11.37,11.66175,21.022323984652758,11.682772323984652,312.77232398465316
far,11.88,11.98125,20.466786110773683,12.001716786110773,121.71678611077219
richer,12.2,12.4605,20.161672960966825,12.480661672960967,280.6616729609672
tribute,12.64,12.93975,21.145631093531847,12.960895631093532,320.8956310935314
of,12.76,12.93975,21.145631093531847,12.960895631093532,200.89563109353213
devotion,13.34,13.419,18.7146810349077,13.437714681034908,97.71468103490832
than,13.55,13.57875,21.55571896582842,13.600305718965828,50.30571896582714
his,14.03,14.058,21.136824041604996,14.079136824041605,49.136824041605465
had,14.25,14.53725,22.42811699397862,14.559678116993979,309.67811699397885
ever,14.51,14.53725,22.42811699397862,14.559678116993979,49.67811699397906
been,14.9,14.85675,21.79505000822246,14.878545050008222,-21.454949991777994
a,15.63,15.975,19.20403097756207,15.994204030977562,364.20403097756093
gift,15.99,16.13475,21.450637141242623,16.156200637141243,166.2006371412428
more,17.01,17.09325,19.072117982432246,17.112322117982433,102.32211798243185
acceptable,17.72,17.73225,18.969540018588305,17.75121954001859,31.219540018589953
than,17.88,18.05175,19.018092192709446,18.070768092192708,190.76809219270885
his,18.19,18.2115,18.95432104356587,18.230454321043567,40.4543210435655
elaborate,18.93,19.01025,20.031485008075833,19.030281485008075,100.28148500807532
adoration,19.65,19.4895,23.26535782776773,19.512765357827767,-137.23464217223125
it,0.52,0.639,23.30316510051489,0.6623031651005149,142.3031651005149
was,0.78,0.79875,23.49451812915504,0.822244518129155,42.244518129154976
idle,1.03,1.278,23.112433031201363,1.3011124330312014,271.11243303120136
for,1.21,1.43775,22.307564038783312,1.4600575640387834,250.05756403878343
him,1.5,1.5975,18.864851910620928,1.6163648519106208,116.36485191062084
to,1.64,1.75725,18.956595100462437,1.7762065951004624,136.20659510046252
move,1.93,2.07675,18.865959020331502,2.0956159590203316,165.61595902033167
himself,2.47,2.39625,19.736511167138815,2.415986511167139,-54.01348883286117
to,2.56,2.71575,20.15027916058898,2.735900279160589,175.9002791605888
be,2.67,2.8755,20.16913495026529,2.8956691349502655,225.66913495026552
generous,3.19,3.195,23.72314897365868,3.2187231489736585,28.723148973658574
towards,3.6,3.67425,21.292687859386206,3.695542687859386,95.54268785938591
them,3.92,3.99375,22.009151987731457,4.015759151987732,95.75915198773188
to,4.31,4.63275,20.02511010505259,4.652775110105052,342.7751101050527
tell,4.51,4.63275,20.02511010505259,4.652775110105052,142.7751101050525
himself,4.98,4.95225,19.03206598944962,4.97128206598945,-8.717934010550543
that,5.2,5.27175,18.86394014582038,5.29061394014582,90.61394014582014
if,5.47,5.59125,19.935554126277566,5.611185554126277,141.18555412627742
he,5.65,5.751,18.921789014711976,5.769921789014712,119.92178901471195
ever,5.87,5.91075,18.939597997814417,5.929689597997815,59.68959799781448
came,6.14,6.23025,18.91493913717568,6.2491649391371755,109.16493913717585
to,6.25,6.39,18.920752918347716,6.408920752918347,158.9207529183474
their,6.45,6.54975,18.84985389187932,6.56859985389188,118.59985389187955
gates,6.84,7.029,18.934031017124653,7.047934031017125,207.9340310171247
stripped,7.61,7.82775,21.34356088936329,7.849093560889363,239.09356088936295
of,7.7,7.9875,21.350090159103274,8.008850090159104,308.8500901591038
his,7.88,7.9875,21.350090159103274,8.008850090159104,128.8500901591041
pride,8.44,8.46675,23.62928492948413,8.490379284929483,50.37928492948396
beaten,9.16,9.2655,19.0756400115788,9.284575640011578,124.57564001157806
and,9.32,9.42525,18.906523007899523,9.4441565230079,124.15652300789937
in,9.49,9.9045,21.11438405700028,9.925614384057,435.6143840570006
beggar's,9.89,10.06425,20.176901016384363,10.084426901016384,194.42690101638328
weeds,10.37,10.5435,18.966011004522443,10.562466011004522,192.4660110045231
that,10.9,11.02275,18.96634208969772,11.041716342089698,141.71634208969763
they,11.05,11.1825,19.019537838175893,11.201519537838175,151.51953783817441
would,11.22,11.34225,18.958425847813487,11.361208425847813,141.2084258478128
be,11.35,11.502,19.042369909584522,11.521042369909585,171.04236990958555
generous,11.89,12.141,17.41626998409629,12.158416269984096,268.4162699840957
towards,12.24,12.30075,19.87519208341837,12.320625192083419,80.6251920834189
him,12.54,12.62025,18.96985899657011,12.63921985899657,99.21985899657138
loving,13.08,13.25925,20.957818953320384,13.28020781895332,200.20781895332007
him,13.41,13.419,18.870642874389887,13.43787064287439,27.870642874390228
as,13.67,13.7385,18.815953051671386,13.757315953051672,87.31595305167161
themselves,14.52,14.21775,21.05711307376623,14.238807113073767,-281.1928869262328
idle,0.99,1.278,23.504818091169,1.301504818091169,311.50481809116906
and,1.12,1.43775,22.661315044388175,1.4604113150443883,340.4113150443882
embittering,1.71,1.75725,21.60989702679217,1.7788598970267921,68.85989702679218
finally,2.2,2.2365,22.62796717695892,2.259127967176959,59.12796717695868
to,2.4,2.556,19.456320209428668,2.5754563202094287,175.4563202094288
argue,2.82,3.03525,17.842399887740612,3.0530923998877406,233.09239988774078
against,3.47,3.5145,20.191912073642015,3.534691912073642,64.69191207364177
his,3.63,3.834,20.223360043019056,3.854223360043019,224.22336004301923
own,3.86,3.834,20.223360043019056,3.854223360043019,-5.776639956980745
dispassionate,4.61,4.7925,20.1165450271219,4.812616545027122,202.61654502712202
certitude,5.36,5.27175,21.33901510387659,5.2930890151038765,-66.9109848961238
that,5.9,6.0705,19.29116901010275,6.089791169010103,189.7911690101024
the,6.0,6.23025,19.276635022833943,6.249526635022834,249.52663502283377
commandment,6.56,6.7095,19.125720020383596,6.728625720020384,168.62572002038422
of,6.69,6.86925,18.919459078460932,6.888169459078461,198.16945907846062
love,7.08,7.029,18.92434386536479,7.047924343865365,-32.075656134635366
bade,7.31,7.50825,20.25561616756022,7.5285056161675605,218.50561616756093
us,7.5,7.668,18.907855032011867,7.686907855032012,186.907855032012
not,7.82,7.82775,18.827534979209304,7.846577534979209,26.577534979209005
to,7.91,8.307,20.516850985586643,8.327516850985587,417.51685098558687
love,8.18,8.307,20.516850985586643,8.327516850985587,147.51685098558733
our,8.34,8.46675,18.949792021885514,8.485699792021885,145.699792021885
as,8.9,9.10575,19.265037029981613,9.125015037029982,225.01503702998173
with,9.81,9.9045,20.204846980050206,9.92470484698005,114.70484698005023
the,9.93,10.224,20.210718037560582,10.24421071803756,314.21071803756104
same,10.27,10.38375,20.211705937981606,10.40396170593798,133.96170593798118
amount,10.84,10.863,23.54360092431307,10.886543600924313,46.543600924312756
and,11.03,11.1825,19.431689055636525,11.201931689055636,171.93168905563638
intensity,11.69,11.8215,19.687979016453028,11.841187979016453,151.18797901645388
of,11.84,11.98125,19.985586870461702,12.001235586870461,161.23558687046113
love,12.17,12.141,20.28584503568709,12.161285845035687,-8.714154964312826
but,12.78,12.93975,20.302108023315668,12.960052108023316,180.0521080233164
to,12.89,13.0995,20.152266137301922,13.119652266137303,229.65226613730215
love,13.11,13.25925,20.13164688833058,13.27938164688833,169.38164688833092
him,13.32,13.419,20.237374817952514,13.439237374817953,119.23737481795271
as,13.51,13.57875,19.893580116331577,13.598643580116331,88.64358011633122
with,14.37,14.53725,19.811066798865795,14.557061066798866,187.06106679886682
the,14.48,14.697,20.197011064738035,14.717197011064737,237.19701106473678
same,14.83,14.85675,20.15182189643383,14.876901821896434,46.90182189643366
kind,15.26,15.17625,20.167459035292268,15.196417459035292,-63.582540964707945
of,15.42,15.49575,20.12340910732746,15.515873409107327,95.87340910732678
love,15.81,15.81525,20.29450098052621,15.835544500980527,25.544500980526408
the,0.64,0.79875,25.605617091059685,0.8243556170910596,184.35561709105963
phrase,1.19,1.278,28.77150010317564,1.3067715001031757,116.77150010317573
and,1.36,1.5975,20.909654907882214,1.6184096549078821,258.40965490788204
the,1.45,1.5975,20.909654907882214,1.6184096549078821,168.40965490788219
day,1.94,1.75725,19.71491682343185,1.7769649168234318,-163.03508317656812
and,2.22,2.556,19.718828843906522,2.5757188288439066,355.71882884390635
the,2.31,2.71575,19.58254398778081,2.7353325439877807,425.33254398778064
scene,2.82,3.03525,19.638598896563053,3.054888598896563,234.88859889656322
in,3.82,3.99375,20.287709077820182,4.0140377090778205,194.0377090778207
a,3.88,4.1535,20.252197980880737,4.173752197980881,293.752197980881
words,1.06,1.11825,27.278407011181116,1.145528407011181,85.52840701118103
was,2.23,2.39625,21.8326470348984,2.4180826470348986,188.08264703489863
it,2.33,2.556,21.653623087331653,2.5776536230873317,247.65362308733162
their,2.48,2.8755,22.901498014107347,2.8984014980141075,418.4014980141075
they,0.64,0.79875,28.082539094612002,0.826832539094612,186.83253909461195
were,0.79,0.9585,24.059949908405542,0.9825599499084056,192.5599499084055
voyaging,1.31,1.43775,22.728510899469256,1.4604785108994693,150.47851089946928
across,1.73,1.75725,21.30415616557002,1.77855415616557,48.55415616557002
the,1.85,2.07675,20.16593306325376,2.096915933063254,246.91593306325376
deserts,2.27,2.39625,21.330773131921887,2.417580773131922,147.5807731319221
of,2.35,2.556,21.36484580114484,2.577364845801145,227.3648458011448
the,2.44,2.556,21.36484580114484,2.577364845801145,137.36484580114495
sky,2.95,3.03525,23.881105007603765,3.0591311050076038,109.1311050076036
a,3.41,3.834,22.61780994012952,3.8566178099401296,446.61780994012946
host,3.84,3.99375,22.221232997253537,4.015971232997254,175.97123299725405
of,3.98,3.99375,22.221232997253537,4.015971232997254,35.97123299725391
on,4.75,4.95225,23.600911954417825,4.975850911954418,225.85091195441808
the,4.82,4.95225,23.600911954417825,4.975850911954418,155.8509119544178
march,5.27,5.4315,22.67401502467692,5.454174015024677,184.17401502467712
voyaging,6.07,6.23025,24.197788909077644,6.2544477889090775,184.4477889090772
high,6.54,6.7095,20.349841099232435,6.729849841099233,189.84984109923263
over,6.77,6.86925,19.767371006309986,6.88901737100631,119.0173710063105
ireland,7.27,7.3485,21.98515785858035,7.37048515785858,100.48515785858037
westward,7.99,8.14725,18.0194650311023,8.165269465031102,175.26946503110173
bound,8.52,8.6265,17.883893102407455,8.644383893102408,124.38389310240794
the,0.65,0.9585,24.23421386629343,0.9827342138662934,332.73421386629343
europe,1.0,1.11825,28.667062986642122,1.146917062986642,146.9170629866421
they,1.15,1.278,24.175962898880243,1.3021759628988803,152.17596289888036
had,1.32,1.43775,22.291311994194984,1.460041311994195,140.041311994195
come,1.56,1.75725,19.662278005853295,1.7769122780058533,216.9122780058532
from,1.94,1.917,19.65866913087666,1.9366586691308767,-3.341330869123249
lay,2.21,2.39625,20.401912974193692,2.416651912974194,206.65191297419395
out,2.45,2.556,20.223051076754928,2.576223051076755,126.2230510767548
there,2.73,2.71575,20.099489949643612,2.7358494899496435,5.849489949643516
beyond,3.12,3.195,20.29334078542888,3.2152933407854287,95.29334078542861
the,3.26,3.35475,20.31085710041225,3.3750608571004124,115.06085710041259
irish,3.63,3.99375,18.043243093416095,4.0117932430934165,381.79324309341655
sea,4.14,4.1535,19.516763975843787,4.173016763975844,33.0167639758443
europe,5.02,5.27175,20.4481219407171,5.292198121940717,272.19812194071744
of,5.17,5.27175,20.4481219407171,5.292198121940717,122.1981219407171
strange,5.64,5.751,20.0764040928334,5.771076404092834,131.07640409283405
tongues,6.16,6.23025,20.442949142307043,6.250692949142307,90.69294914230674
and,6.36,6.54975,20.455260993912816,6.570205260993913,210.2052609939129
and,7.07,7.18875,20.440142834559083,7.209190142834559,139.19014283455854
and,8.13,8.307,19.465272082015872,8.326465272082016,196.46527208201547
and,9.11,9.2655,19.758785143494606,9.285258785143494,175.25878514349458
of,9.26,9.42525,20.5011700745672,9.445751170074567,185.75117007456754
entrenched,9.86,10.06425,20.284516969695687,10.084534516969695,224.53451696969574
and,10.04,10.224,20.275939954444766,10.244275939954445,204.27593995444582
races,11.21,11.1825,20.35261783748865,11.202852617837488,-7.147382162512983
again,1.07,0.639,25.05156397819519,0.6640515639781952,-405.94843602180487
again,2.56,2.39625,19.5095578674227,2.415759557867423,-144.24044213257713
a,0.6,0.9585,25.161136873066425,0.9836611368730664,383.6611368730665
voice,1.01,1.11825,25.249195052310824,1.1434991950523108,133.49919505231077
from,1.2,1.278,24.159349966794252,1.3021593499667943,102.15934996679432
beyond,1.6,1.5975,20.1938240788877,1.6176938240788876,17.69382407888753
the,1.7,1.917,19.314908189699054,1.936314908189699,236.31490818969914
world,2.12,2.07675,19.081603968515992,2.095831603968516,-24.16839603148402
was,2.28,2.39625,19.176369067281485,2.4154263690672817,135.42636906728188
hello,1.01,1.11825,22.11075508967042,1.1403607550896704,130.36075508967036
stephanos,1.94,2.07675,19.496510038152337,2.0962465100381524,156.24651003815248
here,2.69,3.03525,19.57677793689072,3.0548267779368907,364.8267779368908
comes,3.16,3.195,20.715018967166543,3.2157150189671664,55.715018967166245
the,3.25,3.5145,19.72956000827253,3.5342295600082725,284.2295600082725
dedalus,3.86,3.99,19.57909786142409,4.009579097861424,149.57909786142443
their,0.7,1.11825,27.00771507807076,1.1452577150780707,445.25771507807076
diving,1.12,1.278,27.195844100788236,1.3051958441007883,185.19584410078815
stone,1.68,1.75725,19.893880002200603,1.7771438800022006,97.14388000220065
poised,2.38,2.556,20.618543028831482,2.5766185430288315,196.61854302883165
on,2.47,2.71575,21.558690816164017,2.737308690816164,267.30869081616373
its,2.67,2.71575,21.558690816164017,2.737308690816164,67.30869081616397
rude,2.99,3.195,21.118639037013054,3.216118639037013,226.11863903701268
supports,3.65,3.834,19.27385898306966,3.8532738589830697,203.27385898306983
and,3.8,3.99375,19.4173539057374,4.013167353905738,213.16735390573794
rocking,4.31,4.31325,20.626366836950183,4.33387636683695,23.876366836950602
under,4.55,4.63275,19.41591897048056,4.65216591897048,102.16591897048045
their,4.7,4.7925,19.25670402124524,4.811756704021246,111.7567040212455
plunges,5.31,5.27175,21.388153079897165,5.293138153079897,-16.861846920102508
and,5.87,6.0705,19.203494070097804,6.089703494070098,219.7034940700977
the,5.98,6.23025,19.213902996852994,6.249463902996853,269.4639029968524
rough,6.29,6.54975,21.66600222699344,6.571416002226994,281.4160022269938
hewn,6.64,6.86925,21.487115882337093,6.890737115882337,250.7371158823375
stones,7.18,7.3485,22.019020980224013,7.370519020980224,190.5190209802239
of,7.27,7.3485,22.019020980224013,7.370519020980224,100.51902098022403
the,7.36,7.50825,20.960161928087473,7.529210161928088,169.21016192808747
sloping,7.88,7.9875,20.701322006061673,8.008201322006062,128.2013220060625
breakwater,8.56,8.6265,20.62457799911499,8.647124577999115,87.12457799911455
over,8.77,8.946,18.06098106317222,8.964060981063172,194.0609810631724
which,9.07,9.10575,19.540672190487385,9.125290672190488,55.290672190487555
they,9.23,9.42525,19.514248007908463,9.444764248007909,214.76424800790818
scrambled,9.8,9.9045,20.716361002996564,9.925216361002997,125.21636100299638
in,9.89,10.224,20.85003792308271,10.244850037923083,354.85003792308237
their,10.04,10.224,20.85003792308271,10.244850037923083,204.85003792308376
gleamed,11.5,11.66175,20.41831100359559,11.682168311003595,182.1683110035952
with,11.67,11.8215,20.39367612451315,11.841893676124513,171.89367612451355
cold,12.13,12.141,21.48511609993875,12.162485116099939,32.48511609993798
wet,12.46,12.62025,21.63870492950082,12.641888704929501,181.88870492950036
lustre,12.99,13.0995,20.487147150561213,13.119987147150562,129.9871471505618
he,0.61,0.79875,25.72227898053825,0.8244722789805382,214.47227898053822
stood,0.92,0.9585,26.787170907482505,0.9852871709074825,65.28717090748248
still,1.43,1.278,27.015554951503873,1.305015554951504,-124.98444504849604
in,1.55,1.917,23.119611898437142,1.9401196118984372,390.11961189843714
deference,1.99,2.2365,22.30524900369346,2.2588052490036934,268.8052490036934
to,2.12,2.2365,22.30524900369346,2.2588052490036934,138.8052490036933
their,2.28,2.39625,20.66454687155783,2.416914546871558,136.91454687155823
calls,2.85,2.8755,22.443715017288923,2.897943715017289,47.943715017289
and,3.06,3.195,20.493815885856748,3.2154938158858566,155.49381588585652
parried,3.49,3.67425,21.71242400072515,3.695962424000725,205.96242400072472
their,3.68,3.834,19.617785001173615,3.8536177850011737,173.61778500117353
banter,4.14,4.31325,19.536843989044428,4.3327868439890445,192.78684398904477
with,4.31,4.473,19.503551069647074,4.492503551069647,182.50355106964733
words,5.22,5.27175,19.533068872988224,5.291283068872988,71.28306887298841
it,0.52,0.639,23.442832985892892,0.6624428329858929,142.4428329858929
was,0.67,0.79875,25.674830889329314,0.8244248308893293,154.42483088932923
a,0.74,1.11825,25.325953029096127,1.143575953029096,403.5759530290961
pain,1.08,1.278,23.68953009136021,1.3016895300913602,221.68953009136015
to,1.19,1.43775,22.226382046937943,1.459976382046938,269.97638204693806
see,1.46,1.75725,20.403339061886072,1.777653339061886,317.6533390618861
them,1.79,1.75725,20.403339061886072,1.777653339061886,-12.346660938113985
and,1.91,2.07675,19.225673051550984,2.095975673051551,185.97567305155115
a,1.99,2.2365,20.10787301696837,2.2566078730169683,266.6078730169683
sword,2.35,2.556,22.79044804163277,2.578790448041633,228.79044804163274
like,2.61,2.71575,20.484881941229105,2.736234881941229,126.23488194122912
pain,2.97,3.03525,21.86707593500614,3.057117075935006,87.11707593500594
to,3.06,3.35475,20.7359220366925,3.3754859220366926,315.48592203669256
see,3.24,3.5145,21.39025693759322,3.535890256937593,295.890256937593
the,3.37,3.5145,21.39025693759322,3.535890256937593,165.89025693759308
of,3.96,3.99375,21.465973928570747,4.015215973928571,55.21597392857114
adolescence,4.62,4.7925,20.295109134167433,4.812795109134168,192.79510913416775
that,4.8,4.95225,20.350749837234616,4.972600749837235,172.60074983723507
made,5.09,5.112,20.06618701852858,5.132066187018529,42.06618701852882
repellent,5.68,5.91075,21.442214958369732,5.93219221495837,252.1922149583702
their,5.88,6.23025,21.430045133456588,6.251680045133456,371.68004513345653
a,0.49,0.79875,33.35591405630112,0.8321059140563011,342.10591405630106
moment,0.85,0.79875,33.35591405630112,0.8321059140563011,-17.8940859436989
before,1.45,1.11825,25.798326125368476,1.1440483261253684,-305.9516738746315
the,1.86,2.07675,19.349883077666163,2.0960998830776663,236.09988307766616
ghost,2.31,2.39625,22.550912108272314,2.4188009121082725,108.80091210827247
of,2.38,2.556,19.23655904829502,2.575236559048295,195.2365590482952
the,2.55,2.71575,19.518325105309486,2.7352683251053094,185.26832510530954
ancient,2.98,2.8755,22.672869032248855,2.898172869032249,-81.82713096775096
kingdom,3.36,3.5145,20.67064307630062,3.5351706430763006,175.1706430763007
of,3.47,3.67425,20.432291086763144,3.694682291086763,224.68229108676275
the,3.58,3.67425,20.432291086763144,3.694682291086763,114.68229108676286
danes,4.08,4.1535,20.892529049888253,4.1743925290498884,94.39252904988837
had,4.28,4.31325,20.72266791947186,4.333972667919472,53.97266791947164
looked,4.5,4.63275,22.078976035118103,4.654828976035118,154.82897603511782
forth,5.03,5.112,20.748342154547572,5.132748342154548,102.74834215454743
through,5.24,5.4315,20.631889114156365,5.452131889114156,212.1318891141559
the,5.36,5.59125,19.568612100556493,5.610818612100556,250.81861210055578
of,6.15,6.23025,20.394425140693784,6.250644425140694,100.64442514069327
the,6.36,6.39,19.21583991497755,6.409215839914977,49.21583991497691
city,7.48,7.668,19.584089051932096,7.687584089051932,207.5840890519318
you,0.67,0.9585,25.999991921707988,0.984499991921708,314.499991921708
will,0.78,0.9585,25.999991921707988,0.984499991921708,204.499991921708
find,1.04,1.11825,24.397745030000806,1.1426477450300008,102.64774503000073
me,1.13,1.278,26.764289010316133,1.3047642890103162,174.76428901031628
speaking,2.27,2.39625,20.839995006099343,2.4170899950060996,147.08999500609954
of,2.36,2.71575,20.530033856630325,2.73628003385663,376.2800338566303
four,2.64,2.8755,20.709675969555974,2.896209675969556,256.20967596955603
men,3.0,3.03525,21.02482714690268,3.0562748271469027,56.27482714690268
titian,4.4,4.473,21.436218870803714,4.494436218870804,94.43621887080323
turner,6.31,6.39,18.994088983163238,6.408994088983163,98.99408898316331
and,7.02,7.3485,18.991701072081923,7.3674917010720815,347.4917010720819
in,8.77,9.10575,21.810163976624608,9.127560163976625,357.5601639766255
almost,9.1,9.10575,21.810163976624608,9.127560163976625,27.560163976625418
the,9.18,9.42525,19.568254007026553,9.444818254007027,264.81825400702695
same,9.49,9.585,19.939641002565622,9.604939641002566,114.93964100256626
every,1.31,1.43775,21.448845975100994,1.459198845975101,149.19884597510102
quality,1.96,1.917,22.58909703232348,1.9395890970323235,-20.41090296767645
and,3.14,3.35475,19.32909619063139,3.3740790961906315,234.0790961906314
sometimes,3.58,3.5145,20.581656135618687,3.5350816561356186,-44.91834386438143
you,3.64,3.99375,22.777208127081394,4.016527208127082,376.5272081270816
will,3.76,3.99375,22.777208127081394,4.016527208127082,256.52720812708196
find,4.03,4.1535,20.6211069598794,4.17412110695988,144.12110695987934
me,4.13,4.31325,20.573240937665105,4.333823240937665,203.82324093766525
referring,4.54,4.7925,23.861469933763146,4.816361469933764,276.36146993376354
to,4.67,4.7925,23.861469933763146,4.816361469933764,146.36146993376366
them,4.83,4.95225,20.22806997410953,4.97247806997411,142.47806997410973
as,4.95,5.112,20.521082915365696,5.132521082915366,182.5210829153656
sometimes,7.05,7.029,20.86414094083011,7.04986414094083,-0.13585905916979613
as,7.18,7.3485,19.7131740860641,7.368213174086064,188.213174086064
by,0.64,0.79875,24.49904498644173,0.8232490449864417,183.24904498644167
being,0.87,0.9585,35.67269700579345,0.9941726970057935,124.17269700579348
studious,1.39,1.43775,23.511369014158845,1.461261369014159,71.26136901415903
of,1.49,1.75725,19.609462935477495,1.7768594629354775,286.8594629354775
color,1.86,2.07675,19.393282011151314,2.0961432820111514,236.1432820111513
they,2.0,2.2365,20.568842999637127,2.257068842999637,257.06884299963707
are,2.1,2.2365,20.568842999637127,2.257068842999637,157.06884299963696
studious,2.61,2.71575,19.789167214185,2.735539167214185,125.53916721418501
of,2.72,3.03525,19.6339450776577,3.0548839450776577,334.88394507765753
division,3.28,3.35475,19.749461906030774,3.374499461906031,94.49946190603109
and,3.93,4.1535,19.719633972272277,4.1732196339722725,243.2196339722723
while,4.06,4.31325,21.063347812741995,4.334313347812742,274.3133478127424
the,4.17,4.31325,21.063347812741995,4.334313347812742,164.3133478127421
devotes,5.46,5.751,19.66519793495536,5.770665197934956,310.6651979349557
himself,5.89,5.91075,20.96962812356651,5.931719628123567,41.719628123567
to,5.99,6.23025,20.596770104020834,6.250846770104021,260.8467701040205
the,6.08,6.23025,20.596770104020834,6.250846770104021,170.8467701040206
of,7.02,7.18875,19.640651997178793,7.2083906519971785,188.39065199717896
degrees,7.53,7.668,20.5265951808542,7.688526595180854,158.5265951808541
of,7.61,7.82775,20.254469010978937,7.848004469010979,238.0044690109786
force,8.08,8.307,20.294604124501348,8.327294604124502,247.29460412450166
in,8.23,8.46675,20.263123093172908,8.487013123093172,257.0131230931718
one,8.44,8.6265,20.285422913730145,8.64678542291373,206.7854229137307
thing,8.94,8.946,20.014632027596235,8.966014632027596,26.014632027596463
light,10.73,10.863,19.718396943062544,10.882718396943062,152.71839694306166
the,11.65,11.8215,19.62071191519499,11.841120711915195,191.120711915195
colorists,12.34,12.4605,19.406861858442426,12.479906861858442,139.90686185844226
have,12.71,12.93975,19.341902108862996,12.959091902108863,249.09190210886223
for,12.85,13.0995,20.458220038563013,13.119958220038564,269.95822003856415
their,13.02,13.0995,20.458220038563013,13.119958220038564,99.95822003856425
function,13.59,13.7385,17.775320913642645,13.756275320913643,166.27532091364293
the,14.25,14.3775,19.51898797415197,14.397018987974151,147.01898797415146
attainment,14.69,14.85675,19.41381418146193,14.876163814181462,186.16381418146233
of,14.8,15.0165,19.812499871477485,15.036312499871478,236.3124998714774
beauty,15.26,15.336,19.697575829923153,15.355697575829923,95.69757582992366
by,15.72,15.81525,20.268012071028352,15.835518012071029,115.51801207102841
arrangement,16.3,16.2945,26.257158955559134,16.32075715895556,20.757158955557742
of,16.42,16.614,21.54460409656167,16.635544604096562,215.54460409656073
the,16.51,16.614,21.54460409656167,16.635544604096562,125.54460409656087
of,17.16,17.253,20.455325953662395,17.273455325953663,113.45532595366237
light,17.49,17.5725,19.489106023684144,17.591989106023686,101.98910602368727
my,0.67,0.79875,24.256733944639564,0.8230067339446395,153.00673394463948
first,1.06,1.11825,38.31620700657368,1.1565662070065736,96.56620700657359
and,1.18,1.5975,25.581581983715296,1.6230815819837152,443.0815819837153
reason,1.98,2.07675,19.789688987657428,2.0965396889876575,116.53968898765754
was,2.12,2.2365,20.090209087356925,2.256590209087357,136.59020908735675
that,2.3,2.39625,20.721693988889456,2.4169716939888897,116.97169398888985
they,2.42,2.556,20.668070996180177,2.5766680709961802,156.6680709961803
enforced,3.06,3.195,21.868248004466295,3.216868248004466,156.86824800446607
beyond,4.28,4.31325,20.977133186534047,4.334227133186534,54.22713318653383
all,4.48,4.63275,19.79432813823223,4.652544328138232,172.5443281382315
on,6.19,6.39,19.7506588883698,6.4097506588883695,219.7506588883691
any,6.37,6.54975,19.714750116690993,6.569464750116691,199.46475011669128
student,6.82,7.029,19.393333001062274,7.048393333001062,228.3933330010619
who,6.9,7.18875,19.469986902549863,7.20821998690255,308.21998690254924
might,7.11,7.3485,20.161892054602504,7.368661892054602,258.66189205460176
attempt,7.41,7.50825,20.019616931676865,7.528269616931677,118.26961693167704
copy,7.83,7.9875,23.108258843421936,8.010608258843423,180.60825884342256
them,8.09,8.14725,20.040396135300398,8.1672903961353,77.2903961353002
this,8.63,8.78625,20.164625952020288,8.806414625952021,176.4146259520203
method,9.02,9.10575,24.879002012312412,9.130629002012313,110.6290020123133
of,9.15,9.2655,21.255947882309556,9.286755947882309,136.7559478823086
laying,9.48,9.74475,21.189479855820537,9.76593947985582,285.9394798558199
portions,9.98,10.06425,24.908805964514613,10.089158805964514,109.15880596451366
of,10.09,10.224,20.94234782271087,10.244942347822711,154.9423478227112
distinct,10.54,10.70325,21.96349622681737,10.725213496226818,185.21349622681882
hue,10.98,11.1825,20.937150111421943,11.203437150111421,223.43715011142075
side,11.4,11.66175,19.850096898153424,11.681600096898153,281.6000968981527
by,11.56,11.66175,19.850096898153424,11.681600096898153,121.60009689815254
side,12.11,11.98125,19.920232938602567,12.001170232938602,-108.82976706139758
some,0.78,0.9585,26.73060796223581,0.9852306079622358,205.2306079622358
of,0.86,0.9585,26.73060796223581,0.9852306079622358,125.23060796223584
the,0.97,1.11825,23.511137114837766,1.1417611371148377,171.76113711483777
touches,1.38,1.43775,25.290434947237372,1.4630404349472375,83.04043494723756
indeed,1.81,1.75725,21.600325126200914,1.778850325126201,-31.14967487379916
when,2.48,2.71575,21.25398605130613,2.737003986051306,257.003986051306
the,2.57,2.71575,21.25398605130613,2.737003986051306,167.00398605130619
tint,2.85,3.195,19.508179975673556,3.2145081799756734,364.50817997567333
has,3.03,3.195,19.508179975673556,3.2145081799756734,184.50817997567358
been,3.24,3.35475,20.44715895317495,3.375197158953175,135.19715895317486
mixed,3.55,3.67425,19.50021111406386,3.6937502111140637,143.75021111406383
with,3.69,3.834,19.403829937800765,3.853403829937801,163.40382993780088
much,3.9,3.99375,20.568238105624914,4.014318238105625,114.31823810562535
water,4.42,4.31325,19.283263012766838,4.332533263012767,-87.46673698723306
have,4.96,5.27175,21.87216212041676,5.293622162120417,333.62216212041676
been,5.12,5.27175,21.87216212041676,5.293622162120417,173.6221621204166
laid,5.41,5.59125,20.868529798462987,5.612118529798463,202.11852979846245
in,5.53,5.751,20.098004955798388,5.771098004955799,241.09800495579847
little,5.72,5.91075,20.20246093161404,5.930952460931614,210.95246093161447
drops,6.2,6.39,20.406143041327596,6.410406143041327,210.40614304132708
or,6.24,6.54975,20.310218911617994,6.570060218911618,330.06021891161816
ponds,6.94,6.86925,23.915264988318086,6.893165264988318,-46.83473501168223
so,7.48,7.668,19.67542408965528,7.687675424089655,207.675424089655
that,7.68,7.82775,19.47601605206728,7.847226016052067,167.22601605206756
the,7.77,7.9875,19.798458088189363,8.00729845808819,237.2984580881905
pigment,8.22,8.307,19.447410944849253,8.32644741094485,106.447410944849
might,8.41,8.46675,19.428088096901774,8.486178088096901,76.17808809690096
crystallize,8.99,9.2655,20.19551699049771,9.285695516990497,295.6955169904969
hard,9.39,9.585,18.709007184952497,9.603709007184953,213.70900718495278
at,9.58,9.74475,21.292028948664665,9.766042028948664,186.04202894866438
the,9.67,9.74475,21.292028948664665,9.766042028948664,96.04202894866454
edge,10.14,10.224,18.560233991593122,10.242560233991593,102.56023399159275
the,0.84,1.11825,23.455892922356725,1.1417058929223567,301.7058929223567
head,1.03,1.278,24.91557109169662,1.3029155710916966,272.9155710916966
of,1.14,1.278,24.91557109169662,1.3029155710916966,162.91557109169673
a,1.21,1.5975,19.730502972379327,1.6172305029723792,407.23050297237927
parrot,1.67,1.917,20.129329059273005,1.937129329059273,267.1293290592731
with,1.97,2.2365,20.10025316849351,2.2566002531684934,286.60025316849345
a,2.03,2.39625,21.49237203411758,2.417742372034118,387.742372034118
little,2.23,2.39625,21.49237203411758,2.417742372034118,187.7423720341178
flower,2.68,2.71575,19.99900210648775,2.7357490021064876,55.74900210648748
in,2.81,3.03525,21.192131098359823,3.05644213109836,246.44213109835977
his,3.02,3.03525,21.192131098359823,3.05644213109836,36.44213109835981
beak,3.36,3.5145,19.53538483940065,3.5340353848394006,174.03538483940073
from,3.51,3.67425,19.29958607070148,3.6935495860707013,183.54958607070148
a,3.57,3.834,19.513212144374847,3.853513212144375,283.5132121443751
picture,3.88,3.99375,19.39271599985659,4.013142715999857,133.14271599985705
of,3.98,4.1535,19.33763502165675,4.172837635021657,192.83763502165695
one,5.94,6.23025,23.741687880828977,6.253991687880829,313.9916878808284
of,6.01,6.23025,23.741687880828977,6.253991687880829,243.99168788082903
his,6.14,6.23025,23.741687880828977,6.253991687880829,113.99168788082915
series,6.62,6.86925,21.03416109457612,6.890284161094576,270.2841610945761
of,6.71,6.86925,21.03416109457612,6.890284161094576,180.28416109457623
the,6.78,7.029,19.79850698262453,7.0487985069826244,268.7985069826242
life,7.13,7.18875,20.078396890312433,7.208828396890312,78.82839689031229
of,7.22,7.3485,19.85564106144011,7.36835564106144,148.35564106143994
saint,7.48,7.668,22.03731401823461,7.690037314018235,210.03731401823433
george,8.05,7.9875,19.97335418127477,8.007473354181275,-42.52664581872523
then,0.8,0.9585,24.05463601462543,0.9825546360146254,182.5546360146254
he,0.9,1.11825,23.90629192814231,1.1421562919281423,242.15629192814225
comes,1.2,1.278,36.35093313641846,1.3143509331364185,114.35093313641853
to,1.28,1.43775,21.424263948574662,1.4591742639485747,179.17426394857472
the,1.39,1.5975,20.037102978676558,1.6175371029786765,227.5371029786766
beak,1.66,1.917,22.058870876207948,1.939058870876208,279.05887087620806
of,1.79,1.917,22.058870876207948,1.939058870876208,149.05887087620795
it,1.91,2.07675,23.839599918574095,2.100589599918574,190.58959991857427
the,0.59,0.79875,25.06332495249808,0.823813324952498,233.81332495249808
brown,0.94,1.11825,22.991351084783673,1.1412413510847836,201.2413510847837
ground,1.28,1.278,25.046672904863954,1.303046672904864,23.046672904863954
beneath,1.7,1.5975,22.734329104423523,1.6202343291044234,-79.7656708955765
left,2.26,2.39625,19.227958982810378,2.4154779589828106,155.4779589828108
for,2.39,2.556,19.42448504269123,2.5754244850426913,185.42448504269115
the,2.47,2.71575,20.36955114454031,2.73611955114454,266.11955114454
most,2.76,2.71575,20.36955114454031,2.73611955114454,-23.88044885545959
part,3.05,3.03525,20.001147873699665,3.0552511478736997,5.251147873699846
one,3.98,4.1535,19.37286602333188,4.172872866023332,192.87286602333208
touch,4.23,4.473,18.403860041871667,4.4914038600418715,261.4038600418711
of,4.35,4.63275,20.149943884462118,4.652899943884462,302.8999438844622
black,4.77,4.7925,20.207708934322,4.812707708934322,42.70770893432285
is,4.9,5.27175,21.329804090783,5.293079804090783,393.0798040907826
put,5.16,5.27175,21.329804090783,5.293079804090783,133.0798040907828
for,5.28,5.4315,20.547579042613506,5.452047579042613,172.04757904261302
the,5.36,5.59125,20.28003614395857,5.611530036143958,251.53003614395786
hollow,5.84,5.91075,22.56212686188519,5.933312126861885,93.3121268618855
delicate,6.77,7.029,17.729478189721704,7.046729478189722,276.72947818972204
lines,7.12,7.18875,20.714207086712122,7.209464207086712,89.46420708671177
of,7.23,7.3485,19.240035908296704,7.367740035908296,137.74003590829585
dark,7.52,7.50825,19.419748103246093,7.527669748103246,7.669748103246832
gray,7.87,8.14725,19.596552941948175,8.166846552941948,296.8465529419477
define,8.24,8.46675,20.427156006917357,8.487177156006917,247.17715600691648
the,8.38,8.46675,20.427156006917357,8.487177156006917,107.17715600691591
outer,8.61,8.946,17.854915000498295,8.963854915000498,353.8549150004986
curve,9.07,9.2655,20.120261935517192,9.285620261935517,215.6202619355163
and,9.83,9.9045,20.0823990162462,9.924582399016247,94.58239901624665
one,10.01,10.224,20.098634995520115,10.24409863499552,234.0986349955205
little,10.29,10.38375,20.149140153080225,10.40389914015308,113.89914015308022
quivering,10.76,10.863,19.273245939984918,10.882273245939984,122.27324593998468
touch,11.06,11.34225,19.649946130812168,11.361899946130812,301.8999461308116
of,11.16,11.34225,19.649946130812168,11.361899946130812,201.89994613081197
white,11.68,11.66175,19.499750109389424,11.681249750109389,1.2497501093893248
inner,12.7,12.93975,20.54040809161961,12.96029040809162,260.2904080916204
edge,13.0,13.0995,22.359798895195127,13.121859798895196,121.85979889519594
of,13.07,13.25925,19.743907963857055,13.278993907963857,208.99390796385654
the,13.14,13.419,19.684799946844578,13.438684799946845,298.68479994684446
mandible,13.74,13.7385,22.462185006588697,13.760962185006589,20.96218500658864
for,0.78,1.11825,23.44272891059518,1.1416927289105951,361.6927289105951
believe,1.27,1.43775,24.409508798271418,1.4621595087982715,192.15950879827147
me,1.57,1.5975,19.46139894425869,1.6169613989442586,46.96139894425855
the,2.14,2.556,20.42497508227825,2.5764249750822783,436.4249750822782
final,2.46,2.71575,22.483826149255037,2.738233826149255,278.233826149255
of,3.19,3.35475,21.40566287562251,3.3761556628756226,186.15566287562268
art,3.45,3.67425,18.600471084937453,3.6928504710849372,242.85047108493706
can,3.6,3.834,22.557706804946065,3.856557706804946,256.55770680494606
only,3.82,3.834,22.557706804946065,3.856557706804946,36.5577068049463
ratify,4.34,4.473,20.18068195320666,4.4931806819532065,153.18068195320666
their,4.53,4.7925,20.204154076054692,4.812704154076055,282.70415407605486
opinion,5.01,5.112,18.55575805529952,5.1305557580553,120.55575805529983
that,5.21,5.27175,20.228381035849452,5.291978381035849,81.97838103584942
the,5.27,5.4315,20.130792865529656,5.451630792865529,181.63079286552986
beauty,5.63,5.751,19.979147939011455,5.770979147939012,140.9791479390119
of,5.74,5.91075,19.96134500950575,5.930711345009506,190.7113450095057
a,5.81,6.23025,19.387770909816027,6.249637770909816,439.63777090981625
cock,6.14,6.39,20.611087093129754,6.410611087093129,270.61108709312975
robin,6.51,6.7095,19.403968006372452,6.728903968006373,218.9039680063729
is,6.66,6.86925,19.322930136695504,6.888572930136696,228.57293013669545
to,6.75,7.029,20.414859987795353,7.049414859987795,299.41485998779524
be,6.88,7.029,20.414859987795353,7.049414859987795,169.41485998779538
and,8.37,8.6265,20.42782981880009,8.6469278298188,276.92782981880094
of,8.46,8.6265,20.42782981880009,8.6469278298188,186.9278298187993
a,8.52,8.78625,19.390152068808675,8.80564015206881,285.64015206880987
grass,8.89,9.10575,21.048342110589147,9.12679834211059,236.79834211058903
plot,9.21,9.2655,21.021919790655375,9.286521919790655,76.52191979065393
to,9.29,9.42525,18.967702984809875,9.44421770298481,154.21770298481084
be,9.41,9.585,18.889231141656637,9.603889231141657,193.88923114165735
green,9.92,9.74475,19.032306969165802,9.763782306969166,-156.2176930308343
and,11.01,11.1825,20.330235129222274,11.202830235129221,192.8302351292217
the,11.08,11.1825,20.330235129222274,11.202830235129221,122.83023512922142
best,11.32,11.34225,20.142273977398872,11.362392273977399,42.39227397739853
skill,11.6,11.8215,20.02570708282292,11.841525707082823,241.5257070828236
of,11.75,11.98125,18.995804945006967,12.000245804945006,250.24580494500626
art,11.95,12.141,18.97264295257628,12.159972642952576,209.97264295257702
is,12.15,12.30075,18.83089612238109,12.319580896122382,169.5808961223815
seizing,13.44,13.57875,20.513672148808837,13.599263672148808,159.26367214880878
on,13.53,13.7385,21.548490971326828,13.760048490971327,230.04849097132762
the,13.61,13.7385,21.548490971326828,13.760048490971327,150.04849097132757
manifold,14.23,14.3775,22.12152793072164,14.399621527930721,169.62152793072073
of,15.09,15.17625,21.586942952126265,15.197836942952126,107.83694295212598
light,15.51,15.49575,21.420531207695603,15.517170531207695,7.170531207695063
which,16.42,16.45425,20.36198298446834,16.474611982984467,54.6119829844649
you,16.49,16.77375,20.393413957208395,16.794143413957208,304.14341395720965
can,16.62,16.9335,22.20569015480578,16.955705690154804,335.70569015480345
only,16.88,16.9335,22.20569015480578,16.955705690154804,75.70569015480544
by,17.42,17.5725,20.663075847551227,17.593163075847553,173.16307584755108
of,18.63,18.8505,20.152036100625992,18.870652036100626,240.65203610062724
instantaneous,19.71,19.809,17.26038893684745,19.82626038893685,116.26038893684765
touch,20.23,20.1285,19.843067973852158,20.14834306797385,-81.65693202614932
now,0.68,0.9585,23.21736211888492,0.9817173621188849,301.71736211888486
you,0.83,1.11825,25.880321860313416,1.1441303218603134,314.1303218603134
will,0.94,1.11825,25.880321860313416,1.1441303218603134,204.13032186031344
see,1.16,1.278,22.936047986149788,1.3009360479861498,140.9360479861499
in,1.27,1.5975,18.81385105662048,1.6163138510566204,346.31385105662036
these,1.41,1.75725,18.775968113914132,1.776025968113914,366.0259681139142
studies,1.87,2.07675,18.934477120637894,2.095684477120638,225.6844771206379
the,2.11,2.39625,19.912049174308777,2.416162049174309,306.1620491743091
moment,2.47,2.39625,19.912049174308777,2.416162049174309,-53.83795082569121
the,2.56,2.8755,19.30485013872385,2.894804850138724,334.80485013872396
white,2.83,3.03525,20.03666292876005,3.05528666292876,225.28666292876
is,2.96,3.195,20.095116924494505,3.2150951169244943,255.0951169244944
properly,4.08,4.1535,20.1854701153934,4.173685470115394,93.68547011539351
and,4.55,4.63275,18.738372949883342,4.651488372949883,101.48837294988323
with,5.27,5.4315,19.877371843904257,5.451377371843904,181.37737184390446
the,5.4,5.59125,19.902869127690792,5.61115286912769,211.15286912769005
other,5.6,5.59125,19.902869127690792,5.61115286912769,11.152869127690757
hues,6.18,6.23025,19.953408977016807,6.250203408977017,70.20340897701693
it,6.68,7.029,21.531929029151797,7.050531929029152,370.531929029152
becomes,7.02,7.18875,20.371821941807866,7.209121821941808,189.12182194180804
somehow,7.42,7.50825,23.577357875183225,7.5318273578751835,111.82735787518361
more,7.61,7.82775,20.095023093745112,7.847845023093745,237.84502309374477
precious,8.19,8.14725,21.970843197777867,8.169220843197778,-20.779156802221976
and,8.31,8.6265,18.91022501513362,8.645410225015134,335.41022501513316
pearly,8.86,8.946,19.360713893547654,8.965360713893547,105.36071389354795
than,9.42,9.585,20.22910094819963,9.6052291009482,185.22910094820054
the,9.52,9.74475,20.202866988256574,9.764952866988256,244.9528669882568
white,9.73,9.9045,20.346940960735083,9.924846940960736,194.8469409607352
paper,10.23,10.06425,20.855573005974293,10.085105573005974,-144.89442699402667
and,11.39,11.502,21.07850811444223,11.523078508114443,133.07850811444234
that,11.51,11.66175,21.0205870680511,11.68277058706805,172.77058706805093
i,11.65,11.8215,21.28283283673227,11.842782832836733,192.78283283673227
am,11.8,11.98125,20.43015998788178,12.001680159987881,201.68015998788036
not,12.01,12.141,19.79722478426993,12.16079722478427,150.79722478427016
to,12.49,12.78,20.540319150313735,12.800540319150313,310.5403191503129
leave,12.7,12.78,20.540319150313735,12.800540319150313,100.5403191503138
a,12.75,13.0995,19.36180191114545,13.118861801911146,368.86180191114624
whole,13.03,13.25925,19.33459285646677,13.278584592856467,248.58459285646717
field,13.41,13.57875,19.33926809579134,13.59808926809579,188.08926809579063
of,13.5,13.7385,19.260449102148414,13.757760449102149,257.7604491021486
untreated,14.04,14.21775,19.282967085018754,14.23703296708502,197.03296708502018
white,14.28,14.3775,19.212343031540513,14.39671234303154,116.71234303154066
paper,14.65,14.697,19.59383813664317,14.716593838136642,66.59383813664199
all,14.86,15.17625,20.367920864373446,15.196617920864373,336.61792086437356
round,15.16,15.17625,20.367920864373446,15.196617920864373,36.61792086437288
it,15.29,15.49575,19.83908610418439,15.515589086104184,225.5890861041845
being,16.03,16.13475,19.880288979038596,16.15463028897904,124.63028897903783
sure,16.33,16.45425,19.918428966775537,16.474168428966774,144.1684289667755
that,16.62,16.614,19.696070114150643,16.63369607011415,13.696070114150416
even,17.2,17.253,19.865924958139658,17.27286592495814,72.86592495814048
the,17.3,17.41275,20.315048983320594,17.43306504898332,133.06504898331895
little,17.54,17.5725,21.393060917034745,17.593893060917036,53.89306091703716
in,18.16,18.37125,21.661333041265607,18.392911333041265,232.91133304126532
the,18.26,18.37125,21.661333041265607,18.392911333041265,132.9113330412639
round,18.54,18.69075,20.44247114099562,18.711192471140997,171.19247114099778
window,18.97,19.01025,20.400301087647676,19.030650301087647,60.65030108764802
will,19.12,19.32975,20.095132058486342,19.349845132058487,229.845132058486
tell,19.57,19.4895,20.07621293887496,19.509576212938875,-60.42378706112572
jewels,20.41,20.448,21.002172026783228,20.469002172026784,59.002172026783484
if,20.9,21.087,22.12906302884221,21.109129063028842,209.12906302884338
they,21.02,21.4065,22.323823999613523,21.428823823999615,408.8238239996151
are,21.17,21.4065,22.323823999613523,21.428823823999615,258.823823999613
but,0.65,0.9585,25.92623815871775,0.9844262381587178,334.42623815871775
in,0.8,0.9585,25.92623815871775,0.9844262381587178,184.42623815871772
this,1.02,1.11825,23.334770929068327,1.1415847709290683,121.58477092906827
copied,2.07,2.2365,19.422160927206278,2.255922160927206,185.92216092720636
from,2.23,2.39625,19.212024984881282,2.4154620249848815,185.4620249848815
turner,2.72,2.8755,18.982852110639215,2.8944828521106394,174.4828521106392
you,3.4,3.67425,20.222253864631057,3.694472253864631,294.47225386463094
have,3.54,3.67425,20.222253864631057,3.694472253864631,154.47225386463083
the,3.62,3.834,19.043248845264316,3.8530432488452644,233.0432488452643
two,3.82,3.99375,19.101016921922565,4.012851016921923,192.85101692192308
principles,4.45,4.473,20.112595055252314,4.493112595055252,43.112595055252
brought,4.89,4.95225,18.9880789257586,4.971238078925759,81.23807892575918
out,5.08,5.27175,19.03467602096498,5.290784676020965,210.78467602096484
perfectly,5.74,5.751,19.154455978423357,5.770154455978424,30.154455978423478
they,0.63,0.9585,25.03581205382943,0.9835358120538295,353.53581205382943
are,0.77,0.9585,25.03581205382943,0.9835358120538295,213.53581205382943
beyond,1.07,1.11825,24.3415969889611,1.142591596988961,72.591596988961
all,1.32,1.43775,22.588304011151195,1.4603383040111513,140.33830401115122
other,1.51,1.75725,19.04823794029653,1.7762982379402965,266.2982379402965
works,1.85,2.07675,18.871840788051486,2.0956218407880516,245.6218407880515
i,2.06,2.2365,19.921780098229647,2.2564217800982296,196.42178009822953
know,2.26,2.39625,18.780068960040808,2.415030068960041,155.03006896004123
existing,2.94,2.8755,18.774873111397028,2.894274873111397,-45.72512688860275
dependent,3.85,3.99375,19.03873891569674,4.012788738915697,162.788738915697
for,3.95,4.1535,18.830540822818875,4.172330540822819,222.33054082281888
their,4.11,4.31325,19.114512018859386,4.332364512018859,222.3645120188591
effect,4.53,4.63275,19.29913298226893,4.652049132982269,122.04913298226839
on,4.73,4.7925,19.037369871512055,4.8115373698715125,81.53736987151206
low,4.99,5.27175,20.05960582755506,5.291809605827555,301.8096058275548
subdued,5.7,5.751,18.898285925388336,5.769898285925389,69.89828592538849
tones,6.33,6.23025,21.17282710969448,6.251422827109694,-78.57717289030575
their,7.27,7.50825,20.1327889226377,7.528382788922638,258.38278892263844
favorite,7.65,7.82775,20.097417989745736,7.847847417989746,197.84741798974537
in,8.08,8.46675,20.478656981140375,8.48722865698114,407.22865698113964
time,8.37,8.46675,20.478656981140375,8.48722865698114,117.22865698114049
of,8.5,8.6265,18.928023986518383,8.645428023986518,145.42802398651844
day,8.76,8.946,17.47094700112939,8.96347094700113,203.47094700112933
being,9.08,9.10575,18.951323116198182,9.124701323116199,44.701323116198566
either,9.45,9.585,20.169197116047144,9.605169197116048,155.1691971160487
dawn,9.82,10.06425,18.67945515550673,10.082929455155506,262.92945515550593
or,9.91,10.06425,18.67945515550673,10.082929455155506,172.92945515550605
twilight,10.6,10.5435,18.786470871418715,10.562286470871419,-37.71352912858106
and,11.48,11.8215,19.85460100695491,11.841354601006955,361.3546010069548
even,11.7,11.8215,19.85460100695491,11.841354601006955,141.35460100695596
their,11.82,11.98125,18.832756206393242,12.000082756206393,180.08275620639225
chiefly,13.83,13.89825,18.873573979362845,13.917123573979364,87.12357397936366
out,13.92,14.058,18.836485920473933,14.076836485920474,156.83648592047382
of,14.04,14.21775,18.700816901400685,14.236450816901401,196.4508169014021
gray,14.24,14.53725,20.013974979519844,14.55726397497952,317.26397497951984
paper,14.72,14.85675,18.591464031487703,14.875341464031488,155.34146403148696
it,0.62,0.9585,24.50619894079864,0.9830061989407987,363.00619894079864
may,0.79,0.9585,24.50619894079864,0.9830061989407987,193.0061989407986
be,1.01,1.11825,24.50425480492413,1.142754254804924,132.75425480492407
that,1.19,1.278,25.59862588532269,1.3035986258853227,113.59862588532278
a,1.26,1.5975,21.37375297024846,1.6188737529702484,358.87375297024835
great,1.51,1.5975,21.37375297024846,1.6188737529702484,108.87375297024838
will,2.83,3.03525,21.35500800795853,3.0566050080079585,226.60500800795847
use,3.11,3.35475,22.39554701372981,3.37714554701373,267.14554701373004
his,3.32,3.35475,22.39554701372981,3.37714554701373,57.145547013730095
utmost,3.76,3.834,18.39115796610713,3.852391157966107,92.39115796610741
force,4.06,4.31325,21.50031691417098,4.334750316914171,274.7503169141714
of,4.18,4.31325,21.50031691417098,4.334750316914171,154.7503169141713
color,4.59,4.7925,17.92794791981578,4.810427947919816,220.42794791981635
as,5.14,5.27175,20.085837924852967,5.291835837924853,151.83583792485322
a,5.2,5.4315,19.552152138203382,5.451052152138203,251.05215213820298
singer,5.57,5.751,22.652662824839354,5.77365266282484,203.6526628248394
his,5.73,6.0705,19.158839946612716,6.089658839946613,359.6588399466123
full,5.98,6.23025,19.374932860955596,6.249624932860955,269.624932860955
power,6.34,6.39,19.09535494633019,6.40909535494633,69.09535494633002
of,6.44,6.54975,19.06509301625192,6.568815093016252,128.81509301625192
voice,6.99,6.86925,18.983002053573728,6.888233002053574,-101.76699794642641
but,8.19,8.307,18.90747994184494,8.325907479941845,135.90747994184582
loud,8.92,9.10575,21.08303690329194,9.126833036903292,206.83303690329245
or,9.1,9.42525,19.269441021606326,9.444519441021606,344.5194410216068
low,9.49,9.585,20.408145152032375,9.605408145152033,115.40814515203301
the,10.19,10.38375,20.266951993107796,10.404016951993107,214.01695199310745
virtue,10.61,10.863,21.233041072264314,10.884233041072264,274.2330410722644
is,10.75,10.863,21.233041072264314,10.884233041072264,134.23304107226386
in,10.88,11.1825,21.29002707079053,11.20379002707079,323.79002707078894
both,11.13,11.1825,21.29002707079053,11.20379002707079,73.79002707078897
cases,11.57,11.66175,19.704392179846764,11.681454392179846,111.4543921798461
always,11.93,11.98125,20.15177719295025,12.00140177719295,71.40177719294982
in,12.07,12.30075,19.026074092835188,12.319776074092836,249.77607409283564
never,13.38,13.419,19.0700211096555,13.438070021109656,58.0700211096552
in,13.5,13.7385,19.126486964523792,13.757626486964524,257.62648696452396
loudness,14.14,14.058,21.161773009225726,14.079161773009226,-60.83822699077501
it,0.62,0.79875,24.26611795090139,0.8230161179509013,203.01611795090136
must,1.02,0.9585,24.2924802005291,0.9827924802005291,-37.2075197994709
remember,1.41,1.43775,23.202529177069664,1.4609525291770697,50.95252917706983
be,1.57,1.75725,18.977033207193017,1.776227033207193,206.22703320719293
one,1.9,2.07675,18.761748913675547,2.0955117489136756,195.51174891367572
or,2.13,2.39625,19.88366385921836,2.4161336638592186,286.1336638592187
the,2.26,2.39625,19.88366385921836,2.4161336638592186,156.13366385921879
other,2.62,2.556,19.11095203831792,2.575110952038318,-44.88904796168214
do,0.63,0.9585,24.63823393918574,0.9831382339391858,353.13823393918574
not,0.93,0.9585,24.63823393918574,0.9831382339391858,53.13823393918571
therefore,1.51,1.278,25.32747690565884,1.3033274769056589,-206.67252309434113
think,2.18,2.2365,20.35295986570418,2.256852959865704,76.85295986570395
that,2.33,2.39625,20.37516818381846,2.4166251681838187,86.6251681838186
the,2.41,2.556,20.33548499457538,2.5763354849945754,166.3354849945753
gothic,2.81,3.195,18.933254992589355,3.213933254992589,403.9332549925891
school,3.13,3.35475,17.437936970964074,3.372187936970964,242.1879369709643
easy,3.57,3.834,19.099307944998145,3.853099307944998,283.0993079449984
one,3.88,3.99375,19.150500185787678,4.012900500185788,132.90050018578813
the,0.62,0.79875,23.440804099664092,0.822190804099664,202.19080409966406
law,0.89,1.11825,25.01630992628634,1.1432663099262863,253.26630992628628
of,1.01,1.11825,25.01630992628634,1.1432663099262863,133.26630992628628
that,1.19,1.278,23.541305912658572,1.3015413059126586,111.54130591265866
school,1.54,1.5975,19.481170922517776,1.6169811709225177,76.98117092251766
that,1.79,1.917,20.166814094409347,1.9371668140944094,147.16681409440935
everything,2.16,2.2365,20.77295398339629,2.2572729539833962,97.27295398339608
shall,2.36,2.556,20.66186210140586,2.576661862101406,216.66186210140603
be,2.48,2.556,20.66186210140586,2.576661862101406,96.66186210140593
seen,2.77,2.8755,20.61853394843638,2.8961185339484365,126.11853394843652
clearly,3.36,3.35475,19.30803991854191,3.374058039918542,14.058039918542153
or,3.81,4.1535,21.97802602313459,4.175478026023135,365.4780260231347
at,3.9,4.1535,21.97802602313459,4.175478026023135,275.4780260231349
least,4.29,4.1535,21.97802602313459,4.175478026023135,-114.52197397686525
only,4.97,4.95225,20.104733994230628,4.972354733994231,2.3547339942311396
in,5.08,5.4315,20.17226815223694,5.451672268152237,371.67226815223665
such,5.37,5.4315,20.17226815223694,5.451672268152237,81.6722681522366
mist,5.74,5.91075,19.083071034401655,5.929833071034402,189.8330710344016
or,5.81,6.0705,20.375085063278675,6.090875085063279,280.8750850632791
faintness,6.32,6.39,21.645850967615843,6.4116458509676155,91.64585096761525
as,6.44,6.54975,20.440623862668872,6.570190623862669,130.19062386266887
shall,6.66,6.7095,20.385284908115864,6.729885284908116,69.88528490811596
be,6.83,6.86925,20.4573730006814,6.8897073730006815,59.70737300068141
delightful,7.56,7.50825,20.373167004436255,7.528623167004437,-31.376832995563042
and,9.33,9.585,20.105842035263777,9.605105842035265,275.1058420352646
i,9.4,9.585,20.105842035263777,9.605105842035265,205.1058420352643
have,9.59,9.74475,19.034457160159945,9.76378445716016,173.7844571601599
no,9.74,9.9045,18.963450100272894,9.923463450100273,183.4634501002732
doubt,10.1,10.06425,19.1469918936491,10.083396991893649,-16.60300810635107
that,10.25,10.38375,19.355008844286203,10.403105008844285,153.10500884428535
the,10.32,10.5435,19.140573916956782,10.562640573916957,242.64057391695638
best,10.63,10.70325,21.467419108375907,10.724717419108377,94.71741910837572
introduction,11.25,11.34225,20.253313006833196,11.362503313006833,112.50331300683314
to,11.48,11.502,20.306894090026617,11.522306894090027,42.30689409002686
it,11.63,11.66175,20.1922501437366,11.681942250143736,51.942250143735436
would,12.06,12.141,20.405067829415202,12.161405067829415,101.40506782941472
be,12.17,12.30075,20.32611984759569,12.321076119847596,151.0761198475965
the,12.35,12.4605,20.181889878585935,12.480681889878586,130.681889878586
practice,13.32,13.57875,21.651667077094316,13.600401667077094,280.40166707709346
of,13.43,13.57875,21.651667077094316,13.600401667077094,170.40166707709403
painting,13.82,13.89825,22.54539798013866,13.92079539798014,100.79539798013926
every,14.08,14.3775,21.241786889731884,14.398741786889731,318.7417868897313
study,14.5,14.697,23.260402027517557,14.720260402027517,220.26040202751673
on,14.6,14.85675,22.581708850339055,14.879331708850339,279.3317088503393
a,14.65,14.85675,22.581708850339055,14.879331708850339,229.3317088503386
ground,15.62,15.49575,20.143537782132626,15.515893537782132,-104.10646221786735
this,0.83,0.9585,23.642313899472356,0.9821423138994724,152.1423138994724
at,0.91,1.278,26.420603971928358,1.3044206039719284,394.42060397192836
once,1.18,1.278,26.420603971928358,1.3044206039719284,124.42060397192844
compels,1.67,1.75725,18.86981399729848,1.7761198139972985,106.11981399729854
you,1.77,1.917,18.90799100510776,1.9359079910051078,165.9079910051078
to,1.88,2.07675,19.05891695059836,2.0958089169505985,215.80891695059856
understand,2.52,2.39625,20.291032968088984,2.416541032968089,-103.45896703191082
that,2.66,2.71575,18.864626996219158,2.734614626996219,74.6146269962189
the,2.76,2.8755,18.665550043806434,2.8941655500438066,134.1655500438068
work,3.1,3.195,20.14021691866219,3.215140216918662,115.14021691866193
is,3.26,3.35475,20.167201990261674,3.374917201990262,114.91720199026201
to,3.36,3.5145,20.41507908143103,3.534915079081431,174.91507908143112
be,3.51,3.67425,20.222249906510115,3.69447224990651,184.47224990651011
and,4.43,4.7925,18.950162921100855,4.811450162921101,381.45016292110154
decorative,5.08,5.112,19.124811980873346,5.1311248119808734,51.124811980873375
that,5.76,5.91075,18.90636095777154,5.929656360957772,169.65636095777194
it,5.84,6.0705,19.016971113160253,6.08951697111316,249.5169711131604
beautiful,6.75,6.86925,19.40885395742953,6.88865885395743,138.6588539574296
in,7.71,7.9875,21.43240999430418,8.008932409994305,298.9324099943049
the,7.79,7.9875,21.43240999430418,8.008932409994305,218.93240999430486
clearest,8.25,8.307,20.239088917151093,8.327239088917151,77.23908891715148
way,8.59,8.6265,20.397845888510346,8.64689784588851,56.897845888510545
but,9.21,9.42525,19.754745066165924,9.445004745066166,235.00474506616519
not,9.41,9.585,18.903024960309267,9.60390302496031,193.90302496030998
under,9.66,9.74475,19.397621043026447,9.764147621043026,104.1476210430261
existing,10.12,10.224,19.05617001466453,10.243056170014665,123.05617001466551
and,11.64,11.8215,19.13120411336422,11.840631204113365,200.631204113364
that,11.94,11.98125,18.857568968087435,12.000107568968087,60.10756896808722
in,12.77,13.0995,20.01769095659256,13.119517690956593,349.5176909565938
fact,13.24,13.0995,20.01769095659256,13.119517690956593,-120.48230904340684
you,13.78,14.058,20.009373081848025,14.078009373081848,298.0093730818485
are,13.85,14.058,20.009373081848025,14.078009373081848,228.0093730818482
producing,14.32,14.3775,19.6798590477556,14.397179859047755,77.17985904775482
work,15.07,15.17625,19.761685049161315,15.196011685049161,126.0116850491606
rather,15.32,15.336,20.1150041539222,15.356115004153922,36.115004153922214
than,15.48,15.6555,18.963292008265853,15.674463292008266,194.4632920082654
pictures,16.08,15.975,20.034655928611755,15.995034655928611,-84.9653440713869
restrained,1.82,1.917,20.924516022205353,1.9379245160222054,117.92451602220532
or,1.9,2.07675,21.051462972536683,2.097801462972537,197.80146297253685
severe,2.43,2.556,19.296348094940186,2.5752963480949402,145.29634809494007
does,2.59,2.8755,20.164663903415203,2.8956646639034154,305.6646639034155
not,2.79,2.8755,20.164663903415203,2.8956646639034154,105.66466390341533
mean,3.05,3.195,19.312012009322643,3.2143120120093225,164.31201200932267
that,3.19,3.35475,19.23617604188621,3.3739861760418863,183.98617604188638
it,3.29,3.5145,19.100906094536185,3.533600906094536,243.6009060945361
is,3.46,3.67425,19.488819874823093,3.693738819874823,233.73881987482292
also,3.76,3.834,21.72343898564577,3.855723438985646,95.72343898564606
erroneous,4.45,4.473,19.74829495884478,4.492748294958845,42.74829495884447
in,0.65,0.79875,24.745100876316428,0.8234951008763164,173.49510087631637
all,0.95,0.9585,23.603428853675723,0.9821034288536757,32.10342885367579
early,1.26,1.5975,19.34620412066579,1.6168462041206657,356.8462041206657
gothic,1.67,1.917,19.55465693026781,1.9365546569302678,266.5546569302679
art,1.91,2.2365,19.32843215763569,2.2558284321576356,345.8284321576357
indeed,2.32,2.39625,20.19376796670258,2.416443767966703,96.44376796670295
you,2.4,2.71575,19.995484966784716,2.7357454849667846,335.7454849667847
will,2.52,2.71575,19.995484966784716,2.7357454849667846,215.74548496678457
find,2.84,2.8755,18.742266111075878,2.894242266111076,54.24226611107619
failure,3.22,3.5145,20.605396945029497,3.5351053969450295,315.10539694502927
of,3.33,3.5145,20.605396945029497,3.5351053969450295,205.10539694502938
this,3.5,3.67425,19.851678051054478,3.6941016780510543,194.10167805105428
kind,3.91,3.834,20.272542955353856,3.854272542955354,-55.727457044646215
especially,4.71,4.7925,20.27716999873519,4.812777169998736,102.77716999873564
distortion,5.32,5.59125,17.36649894155562,5.608616498941555,288.61649894155494
and,5.45,5.751,19.126624800264835,5.770126624800265,320.126624800265
which,6.62,6.7095,18.80971505306661,6.728309715053067,108.30971505306675
are,6.77,7.029,18.891108222305775,7.047891108222306,277.8911082223061
in,6.99,7.3485,20.609227940440178,7.36910922794044,379.10922794043955
many,7.2,7.3485,20.609227940440178,7.36910922794044,169.10922794043958
respects,7.61,7.82775,19.058425910770893,7.846808425910771,236.80842591077055
painfully,8.18,8.307,19.137781113386154,8.326137781113387,146.13778111338684
to,8.29,8.46675,19.966816995292902,8.486716816995292,196.71681699529307
be,8.41,8.46675,19.966816995292902,8.486716816995292,76.71681699529209
compared,8.9,9.10575,20.107866963371634,9.125857866963372,225.85786696337175
with,9.07,9.10575,20.107866963371634,9.125857866963372,55.857866963371805
the,9.14,9.42525,18.956362968310714,9.44420636296831,304.20636296831026
splendid,9.66,9.74475,18.962503876537085,9.763712503876537,103.71250387653674
repose,10.13,10.38375,20.58509411290288,10.404335094112902,274.33509411290123
of,10.23,10.38375,20.58509411290288,10.404335094112902,174.3350941129016
classic,10.74,11.02275,18.87830486521125,11.041628304865212,301.6283048652113
art,11.15,11.1825,18.91336916014552,11.201413369160145,51.413369160144384
the,0.48,0.639,28.745044954121113,0.6677450449541211,187.74504495412114
large,0.81,0.9585,26.04254591278732,0.9845425459127873,174.5425459127873
letter,1.08,1.11825,25.721090845763683,1.1439710908457636,63.97109084576358
contains,1.81,1.75725,20.215217024087906,1.7774652170240879,-32.534782975912165
indeed,2.34,2.2365,20.881901029497385,2.2573819010294973,-82.61809897050254
feeble,3.62,3.67425,20.76368615962565,3.6950136861596254,75.01368615962534
and,3.72,3.99375,21.660878090187907,4.015410878090188,295.4108780901881
ill,3.91,4.1535,20.472486037760973,4.173972486037761,263.97248603776103
drawn,4.29,4.31325,21.37878001667559,4.334628780016676,44.628780016675584
that,6.97,7.18875,21.870726021006703,7.2106207260210065,240.6207260210067
is,7.09,7.18875,21.870726021006703,7.2106207260210065,120.62072602100659
merely,7.41,7.50825,22.558453027158976,7.530808453027159,120.80845302715915
childish,7.97,8.14725,19.429147010669112,8.166679147010669,196.67914701066903
and,8.1,8.46675,19.42957704886794,8.486179577048867,386.1795770488676
failing,8.51,8.6265,20.91260300949216,8.647412603009492,137.41260300949244
work,8.75,8.78625,19.50092101469636,8.805750921014697,55.75092101469714
of,8.83,8.946,19.582239910960197,8.96558223991096,135.58223991095986
an,8.92,9.2655,21.40712784603238,9.286907127846032,366.90712784603187
inferior,9.38,9.585,23.425839142873883,9.608425839142875,228.42583914287394
hand,9.88,9.9045,20.219511119648814,9.92471951111965,44.71951111964856
it,10.52,10.70325,20.16244106926024,10.72341244106926,203.41244106926126
is,10.63,10.863,21.395629039034247,10.884395629039034,254.395629039033
not,10.88,10.863,21.395629039034247,10.884395629039034,4.395629039033011
characteristic,11.54,11.8215,19.821032183244824,11.841321032183245,301.321032183246
of,11.65,11.8215,19.821032183244824,11.841321032183245,191.32103218324482
gothic,12.17,12.30075,21.643412997946143,12.322393412997947,152.39341299794694
or,12.63,12.78,21.354743978008628,12.801354743978008,171.3547439780072
any,12.79,12.93975,21.128607913851738,12.960878607913852,170.87860791385268
other,13.01,13.0995,21.336504025384784,13.120836504025386,110.8365040253858
school,13.51,13.57875,19.654138945043087,13.598404138945043,88.40413894504273
but,0.84,0.9585,27.281160932034254,0.9857811609320343,145.7811609320343
you,2.31,2.556,21.27696992829442,2.5772769699282945,267.2769699282944
can,2.43,2.71575,23.101706989109516,2.7388517069891094,308.85170698910923
only,2.61,2.71575,23.101706989109516,2.7388517069891094,128.85170698910952
do,2.81,2.8755,20.438354928046465,2.8959383549280466,85.93835492804658
this,3.03,3.195,20.541711943224072,3.215541711943224,185.5417119432241
on,3.22,3.5145,21.867224015295506,3.5363672240152955,316.3672240152953
one,3.41,3.5145,21.867224015295506,3.5363672240152955,126.36722401529532
condition,4.05,3.834,20.233653020113707,3.854233653020114,-195.76634697988604
that,4.77,4.95225,20.077959168702364,4.972327959168703,202.32795916870305
of,4.87,5.112,20.545334788039327,5.132545334788039,262.5453347880393
striving,5.31,5.4315,24.82100995257497,5.456321009952575,146.32100995257514
also,5.67,5.91075,22.794805001467466,5.933544805001468,263.5448050014677
to,5.86,6.0705,20.646299934014678,6.091146299934015,231.14629993401437
create,6.37,6.39,23.000265937298536,6.413000265937298,43.00026593729811
in,6.54,6.86925,21.448272978886962,6.890698272978887,350.698272978887
the,7.68,7.9875,22.253187838941813,8.009753187838943,329.75318783894284
beauty,8.04,8.14725,20.036193076521158,8.16728619307652,127.28619307652167
which,8.25,8.307,20.40648995898664,8.327406489958987,77.40648995898702
you,8.35,8.78625,21.004092879593372,8.807254092879594,457.2540928795945
in,8.86,9.10575,19.72456998191774,9.125474569981918,265.47456998191876
imagination,9.75,9.585,19.544071052223444,9.604544071052224,-145.4559289477757
it,0.61,0.9585,28.320414014160633,0.9868204140141607,376.8204140141607
will,0.71,0.9585,28.320414014160633,0.9868204140141607,276.8204140141607
be,0.83,0.9585,28.320414014160633,0.9868204140141607,156.8204140141607
wholly,1.21,1.43775,23.38188188150525,1.4611318818815053,251.13188188150536
impossible,1.77,1.75725,20.16358799301088,1.7774135879930109,7.4135879930108395
for,1.94,2.07675,20.217914134263992,2.096967914134264,156.96791413426413
you,2.1,2.39625,21.355838049203157,2.4176058380492034,317.60583804920327
to,2.23,2.39625,21.355838049203157,2.4176058380492034,187.60583804920338
retain,2.6,2.71575,21.24010887928307,2.736990108879283,136.99010887928287
the,2.69,2.8755,20.17576084472239,2.8956757608447226,205.67576084472262
tranquillity,3.35,3.5145,20.34851908683777,3.5348485190868377,184.84851908683763
of,3.43,3.67425,20.219504134729505,3.6944695041347293,264.46950413472916
temper,3.87,4.1535,18.692817073315382,4.172192817073316,302.1928170733155
and,4.0,4.31325,20.34766785800457,4.333597667858005,333.59766785800457
felicity,4.46,4.63275,20.32638294622302,4.653076382946223,193.07638294622276
of,4.53,4.95225,20.397525979205966,4.972647525979206,442.64752597920597
faith,4.95,5.112,20.40380402468145,5.1324038040246815,182.40380402468136
for,6.06,6.23025,20.319398026913404,6.250569398026913,190.56939802691363
noble,6.42,6.7095,18.585634883493185,6.728085634883493,308.0856348834935
painting,7.39,7.3485,21.457911003381014,7.369957911003381,-20.04208899661908
unless,8.58,8.6265,21.71079907566309,8.648210799075663,68.21079907566308
you,8.73,8.78625,20.662127062678337,8.80691212706268,76.91212706267869
are,8.94,8.946,20.949495024979115,8.966949495024979,26.949495024979342
actively,9.74,9.9045,20.972643047571182,9.925472643047572,185.4726430475715
engaged,10.29,10.38375,21.38293394818902,10.405132933948188,115.13293394818902
in,10.37,10.70325,20.183749962598085,10.723433749962599,353.43374996259945
promoting,10.87,11.02275,21.40198787674308,11.044151987876743,174.15198787674413
the,10.96,11.1825,20.2479250729084,11.202747925072908,242.74792507290675
felicity,11.58,11.66175,20.292229019105434,11.682042229019105,102.04222901910498
and,11.75,12.141,20.240458892658353,12.161240458892658,411.24045889265835
peace,12.22,12.30075,22.669218946248293,12.323419218946249,103.41921894624839
of,12.37,12.4605,20.283975172787905,12.480783975172788,110.78397517278837
practical,12.89,13.0995,22.457621060311794,13.121957621060313,231.95762106031202
life,13.52,13.419,21.13363891839981,13.4401336389184,-79.86636108159928
you,0.61,0.9585,25.20935097709298,0.983709350977093,373.70935097709304
must,0.81,0.9585,25.20935097709298,0.983709350977093,173.70935097709295
look,1.0,1.11825,25.798767805099487,1.1440487678050995,144.04876780509946
at,1.07,1.278,23.85303401388228,1.3018530340138823,231.85303401388225
him,1.25,1.43775,21.97039593011141,1.4597203959301115,209.7203959301115
in,1.35,1.5975,21.487815072759986,1.61898781507276,268.9878150727598
the,1.44,1.5975,21.487815072759986,1.61898781507276,178.98781507275996
face,2.18,1.917,20.24779887869954,1.9372477988786996,-242.75220112130057
fight,2.9,3.03525,20.285403123125434,3.0555354031231254,155.53540312312552
him,3.21,3.195,20.21007612347603,3.215210076123476,5.210076123475904
conquer,3.82,4.1535,21.44069317728281,4.174940693177283,354.94069317728315
him,4.14,4.1535,21.44069317728281,4.174940693177283,34.94069317728332
with,5.11,5.27175,21.374395117163658,5.293124395117164,183.12439511716326
what,5.37,5.4315,21.416465984657407,5.452916465984657,82.91646598465707
scathe,5.9,6.23025,21.524569019675255,6.251774569019675,351.77456901967474
you,6.03,6.39,21.961535094305873,6.4119615350943056,381.9615350943053
may,6.5,6.54975,21.737135015428066,6.5714871350154285,71.48713501542846
you,7.23,7.3485,21.47747203707695,7.3699774720370765,139.9774720370761
need,7.42,7.668,24.392161052674055,7.692392161052674,272.3921610526743
not,7.65,7.668,24.392161052674055,7.692392161052674,42.39216105267385
think,7.88,7.9875,21.712331101298332,8.009212331101299,129.21233110129916
to,7.95,8.14725,21.837468026205897,8.169087468026206,219.08746802620539
keep,8.22,8.307,21.8252579215914,8.328825257921592,108.82525792159115
out,8.34,8.46675,21.679675905033946,8.488429675905033,148.42967590503343
of,8.41,8.6265,22.883552126586437,8.649383552126586,239.38355212658635
the,8.5,8.6265,22.883552126586437,8.649383552126586,149.3835521265865
way,8.7,8.946,22.91150391101837,8.968911503911018,268.9115039110188
of,8.83,8.946,22.91150391101837,8.968911503911018,138.91150391101803
him,9.12,9.10575,21.569385891780257,9.12731938589178,7.319385891781494
the,0.62,0.79875,24.90065502934158,0.8236506550293415,203.65065502934155
says,1.77,1.75725,21.704225102439523,1.7789542251024395,8.954225102439484
first,2.61,2.71575,20.93945606611669,2.7366894560661166,126.6894560661167
of,2.72,2.8755,20.567344967275858,2.896067344967276,176.06734496727583
all,2.98,3.03525,20.260424120351672,3.0555104241203517,75.5104241203517
as,3.87,3.99375,20.27052897028625,4.014020528970287,144.0205289702865
my,4.06,4.31325,20.34485200420022,4.3335948520042,273.5948520042006
delicious,4.63,4.7925,20.266321022063494,4.812766321022064,182.76632102206403
paroquet,5.14,5.4315,20.277197007089853,5.45177719700709,311.77719700708997
was,5.44,5.4315,20.277197007089853,5.45177719700709,11.777197007089235
ruby,6.0,6.0705,20.3495929017663,6.090849592901766,90.8495929017663
so,7.46,7.668,21.35536214336753,7.689355362143368,229.3553621433677
this,7.62,7.82775,21.779252914711833,7.849529252914712,229.52925291471172
nasty,7.96,8.14725,23.82767293602228,8.171077672936022,211.07767293602197
viper,8.33,8.6265,19.719652133062482,8.646219652133063,316.2196521330625
shall,8.5,8.78625,21.38235792517662,8.807632357925177,307.6323579251774
be,8.61,8.78625,21.38235792517662,8.807632357925177,197.63235792517798
black,9.16,9.10575,20.23080992512405,9.125980809925125,-34.01919007487564
and,10.82,11.02275,20.217860816046596,11.042967860816047,222.9678608160466
then,11.02,11.1825,20.285789156332612,11.202785789156332,182.78578915633227
the,11.23,11.34225,21.382950944826007,11.363632950944826,133.63295094482552
question,11.76,11.66175,20.258870907127857,11.682008870907127,-77.99112909287231
can,12.85,13.0995,22.675141924992204,13.122175141924993,272.17514192499334
i,12.93,13.0995,22.675141924992204,13.122175141924993,192.17514192499328
round,13.21,13.419,22.288134088739753,13.44128813408874,231.28813408873938
him,13.35,13.419,22.288134088739753,13.44128813408874,91.28813408874059
off,13.83,13.7385,21.115414798259735,13.75961541479826,-70.38458520174018
even,14.38,14.53725,21.004067035391927,14.558254067035392,178.25406703539136
though,14.51,14.697,21.084415027871728,14.718084415027871,208.0844150278711
he,14.61,14.85675,21.335873985663056,14.878085873985663,268.0858739856635
is,14.77,15.0165,21.046167006716132,15.037546167006717,267.54616700671716
black,15.24,15.17625,21.23151207342744,15.197481512073427,-42.5184879265732
and,15.45,15.6555,21.18332008831203,15.676683320088312,226.6833200883127
make,15.63,15.81525,22.377282148227096,15.837627282148228,207.627282148227
him,15.72,15.975,19.470249069854617,15.994470249069854,274.4702490698536
slimy,16.32,16.45425,21.827638149261475,16.47607763814926,156.07763814925946
and,17.28,17.5725,22.907007951289415,17.59540700795129,315.40700795128987
yet,17.42,17.5725,22.907007951289415,17.59540700795129,175.40700795128927
and,18.05,18.37125,21.479823160916567,18.392729823160916,342.7298231609157
close,18.38,18.531,18.63520499318838,18.549635204993187,169.63520499318818
down,18.84,18.69075,20.30532294884324,18.711055322948845,-128.9446770511553
clotted,19.93,20.1285,22.199722938239574,20.15069972293824,220.6997229382388
like,20.1,20.28825,23.081238148733974,20.311331238148735,211.331238148734
a,20.18,20.28825,23.081238148733974,20.311331238148735,131.3312381487357
pool,20.44,20.60775,22.341404808685184,20.630091404808685,190.09140480868325
of,20.55,20.7675,21.290699020028114,20.788790699020026,238.7906990200257
black,20.84,20.92725,21.14949398674071,20.94839949398674,108.39949398674165
blood,21.22,21.24675,21.112299989908934,21.267862299989908,47.86229998990876
on,21.34,21.56625,22.356327157467604,21.588606327157468,248.6063271574679
the,21.45,21.56625,22.356327157467604,21.588606327157468,138.60632715746846
earth,21.87,21.726,22.35639118589461,21.748356391185894,-121.6436088141073
all,22.65,22.84425,20.321973832324147,22.864571973832323,214.5719738323244
the,22.76,23.004,20.24408709257841,23.02424408709258,264.2440870925782
same,23.16,23.16375,20.308799110352993,23.184058799110353,24.058799110353135
nothing,0.82,0.9585,25.80871502868831,0.9843087150286883,164.30871502868837
will,0.95,1.11825,26.059383060783148,1.1443093830607831,194.30938306078315
be,1.07,1.278,23.386848159134388,1.3013868481591344,231.38684815913436
more,1.25,1.43775,20.25351906195283,1.458003519061953,208.00351906195291
precious,1.7,1.75725,22.552534006536007,1.779802534006536,79.80253400653604
to,1.84,2.07675,21.432636072859168,2.0981826360728593,258.18263607285917
you,2.01,2.07675,21.432636072859168,2.0981826360728593,88.18263607285948
i,2.1,2.39625,20.354768028482795,2.416604768028483,316.6047680284829
think,2.46,2.556,20.144245121628046,2.576144245121628,116.14424512162813
in,2.88,3.03525,20.268243039026856,3.055518243039027,175.51824303902697
the,2.96,3.195,20.156572107225657,3.2151565721072255,255.15657210722554
practical,3.42,3.5145,21.338891936466098,3.535838891936466,115.83889193646613
study,3.77,3.99375,21.43382909707725,4.015183829097078,245.1838290970776
of,3.91,3.99375,21.43382909707725,4.015183829097078,105.18382909707746
art,4.25,4.31325,20.2480829320848,4.333498082932085,83.49808293208483
than,4.71,4.95225,21.70587913133204,4.973955879131332,263.9558791313323
the,4.79,4.95225,21.70587913133204,4.973955879131332,183.95587913133227
conviction,5.51,5.4315,21.279730135574937,5.452779730135575,-57.22026986442508
which,6.35,6.39,21.168245933949947,6.41116824593395,61.16824593394998
will,6.44,6.54975,20.58741683140397,6.570337416831404,130.33741683140397
force,6.76,7.029,20.20546095445752,7.049205460954457,289.20546095445764
itself,7.16,7.18875,21.43824310041964,7.210188243100419,50.18824310041925
on,7.3,7.3485,20.23178292438388,7.3687317829243835,68.73178292438365
more,7.68,7.9875,22.046170895919204,8.00954617089592,329.5461708959202
and,7.77,7.9875,22.046170895919204,8.00954617089592,239.54617089592034
more,8.11,8.14725,20.238277036696672,8.167488277036696,57.4882770366969
every,8.36,8.46675,20.170632051303983,8.486920632051303,126.92063205130388
hour,8.81,8.6265,20.362197188660502,8.64686219718866,-163.13780281133995
of,9.87,10.06425,21.371101029217243,10.085621101029217,215.6211010292175
the,9.96,10.06425,21.371101029217243,10.085621101029217,125.62110102921586
way,10.15,10.38375,20.121325040236115,10.403871325040235,253.87132504023492
all,10.34,10.70325,23.727898951619864,10.72697789895162,386.9778989516206
things,10.73,10.70325,23.727898951619864,10.72697789895162,-3.022101048379966
are,10.78,10.863,21.585942013189197,10.884585942013189,104.58594201318938
bound,11.11,11.1825,22.519095102325082,11.205019095102324,95.01909510232487
little,12.32,12.30075,20.12302610091865,12.32087302610092,0.8730261009191054
and,12.49,12.93975,21.29672421142459,12.961046724211425,471.0467242114245
great,12.91,12.93975,21.29672421142459,12.961046724211425,51.04672421142453
in,13.48,13.89825,21.274478873237967,13.919524478873239,439.5244788732384
spirit,13.98,14.058,18.75290204770863,14.076752902047708,96.75290204770803
and,14.16,14.3775,20.15685196965933,14.397656851969659,237.6568519696587
in,14.28,14.53725,20.878913113847375,14.558128913113848,278.1289131138482
matter,14.74,14.697,21.199013106524944,14.718199013106524,-21.800986893476093
you,0.64,0.9585,28.316498966887593,0.9868164989668876,346.8164989668876
know,0.78,0.9585,28.316498966887593,0.9868164989668876,206.8164989668876
i,0.87,1.11825,29.263170901685953,1.147513170901686,277.5131709016859
have,1.06,1.278,28.88405602425337,1.3068840560242534,246.88405602425334
just,1.57,1.5975,21.80102397687733,1.6193010239768773,49.30102397687719
been,1.72,1.75725,22.915897192433476,1.7801658971924335,60.165897192433484
telling,2.04,2.2365,21.720740012824535,2.2582207400128245,218.22074001282442
you,2.17,2.39625,20.73302399367094,2.416983023993671,246.98302399367122
how,2.34,2.556,20.18760913051665,2.5761876091305167,236.18760913051685
this,2.5,2.8755,21.67729614302516,2.8971772961430253,397.17729614302533
school,2.78,3.03525,18.97344016470015,3.0542234401647,274.2234401647004
clay,4.03,4.31325,21.863340167328715,4.335113340167329,305.1133401673285
involved,4.46,4.63275,23.700420977547765,4.6564504209775475,196.4504209775475
itself,4.88,4.95225,23.566100979223847,4.975816100979224,95.81610097922422
at,5.35,5.59125,22.153239930048585,5.613403239930048,263.4032399300485
last,5.79,5.751,21.86733204871416,5.7728673320487145,-17.13266795128554
in,5.89,6.23025,21.299139130860567,6.25154913913086,361.54913913086074
cloud,6.29,6.54975,19.46363504976034,6.569213635049761,279.2136350497607
and,6.45,6.7095,21.123992977663875,6.730623992977664,280.62399297766393
fire,6.97,7.029,21.12753503024578,7.050127535030246,80.12753503024595
here,0.66,0.9585,30.78211797401309,0.9892821179740131,329.2821179740131
is,0.75,0.9585,30.78211797401309,0.9892821179740131,239.28211797401312
an,0.84,1.11825,25.685074040666223,1.1439350740406662,303.9350740406662
equally,1.23,1.43775,20.265111001208425,1.4580151110012085,228.01511100120854
typical,1.64,1.75725,21.340606035664678,1.7785906060356647,138.59060603566476
greek,1.9,2.07675,23.7972610630095,2.1005472610630096,200.54726106300967
school,2.26,2.39625,20.20340017043054,2.4164534001704308,156.45340017043097
landscape,2.79,3.03525,21.51790796779096,3.056767907967791,266.7679079677909
by,2.91,3.03525,21.51790796779096,3.056767907967791,146.76790796779082
wilson,3.5,3.5145,22.93760608881712,3.537437606088817,37.43760608881708
lost,4.52,4.63275,21.400769939646125,4.654150769939646,134.15076993964624
wholly,4.88,5.112,20.472110016271472,5.132472110016272,252.47211001627167
in,5.0,5.4315,21.415057126432657,5.452915057126432,452.91505712643243
golden,5.39,5.59125,20.264402963221073,5.611514402963221,221.51440296322102
mist,5.86,5.91075,20.301213022321463,5.931051213022322,71.05121302232132
the,6.31,6.54975,20.57950315065682,6.570329503150657,260.3295031506576
trees,6.74,6.86925,20.218573044985533,6.889468573044986,149.4685730449854
so,6.93,7.18875,20.25747997686267,7.209007479976862,279.0074799768627
slightly,7.44,7.50825,23.71565904468298,7.531965659044683,91.9656590446829
drawn,7.85,7.82775,21.430398104712367,7.849180398104712,-0.8196018952872919
that,7.95,8.14725,20.16465296037495,8.167414652960375,217.41465296037444
you,8.05,8.307,22.29508082382381,8.329295080823824,279.29508082382347
don't,8.31,8.46675,21.99359587393701,8.488743595873936,178.74359587393585
know,8.5,8.6265,20.30842611566186,8.646808426115662,146.80842611566192
if,8.65,8.78625,21.378864999860525,8.807628864999861,157.62886499986095
they,8.79,8.946,20.45189612545073,8.96645189612545,176.4518961254513
are,8.9,9.10575,20.276596071198583,9.126026596071199,226.0265960711987
trees,9.43,9.42525,20.29822883196175,9.445548228831962,15.548228831962163
or,9.77,10.38375,22.549951914697886,10.406299951914697,636.2999519146974
towers,10.44,10.38375,22.549951914697886,10.406299951914697,-33.70004808530247
and,11.34,11.502,20.234846975654364,11.522234846975655,182.23484697565516
no,11.48,11.8215,20.234037889167666,11.841734037889168,361.73403788916755
care,11.76,11.98125,20.233101909980178,12.00148310190998,241.48310190997967
for,11.9,12.141,20.1922080013901,12.16119220800139,261.19220800138976
color,12.26,12.4605,20.223383093252778,12.480723383093252,220.72338309325266
perfectly,14.29,14.3775,20.268940133973956,14.397768940133973,107.76894013397431
deceptive,14.84,15.0165,21.194133907556534,15.037694133907557,197.6941339075573
and,14.93,15.336,22.119228029623628,15.358119228029624,428.1192280296242
effect,15.9,15.975,20.615824963897467,15.995615824963897,95.61582496389676
of,16.12,16.2945,20.20270680077374,16.314702706800773,194.70270680077206
sunshine,16.76,16.9335,20.211268914863467,16.953711268914862,193.71126891486057
through,16.92,17.09325,20.162489032372832,17.113412489032374,193.4124890323723
the,17.01,17.253,20.220780046656728,17.273220780046657,263.22078004665525
mist,17.5,17.5725,18.581197131425142,17.591081197131427,91.0811971314267
apollo,18.74,19.01025,21.38174418359995,19.0316317441836,291.63174418360074
the,18.9,19.17,20.17607493326068,19.190176074933262,290.1760749332638
python,19.59,19.64925,20.24631411768496,19.669496314117684,79.49631411768365
now,0.65,0.9585,25.226145051419735,0.9837261450514198,333.72614505141973
here,0.82,1.11825,23.746238090097904,1.1419962380900979,321.9962380900979
is,0.96,1.278,23.755401140078902,1.301755401140079,341.75540114007896
raphael,1.8,1.75725,18.943303963169456,1.7761933039631694,-23.80669603683061
exactly,2.95,3.03525,21.264082053676248,3.0565140820536763,106.51408205367608
between,3.31,3.35475,20.316601963713765,3.375066601963714,65.06660196371384
the,3.41,3.5145,20.23487095721066,3.5347348709572106,124.73487095721048
two,3.75,3.834,20.230457186698914,3.854230457186699,104.23045718669898
trees,4.48,4.63275,22.265702951699495,4.655015702951699,175.01570295169876
still,4.75,4.7925,20.33320814371109,4.8128332081437115,62.833208143711516
drawn,5.23,5.27175,20.268597872927785,5.292018597872928,62.018597872927295
leaf,5.56,5.751,21.29152906127274,5.772291529061273,212.29152906127348
by,5.75,5.91075,21.154278190806508,5.931904278190807,181.90427819080668
leaf,6.16,6.23025,21.17310999892652,6.251423109998926,91.42310999892622
formal,7.36,7.50825,20.336541114374995,7.528586541114375,168.586541114375
but,8.18,8.307,20.38993313908577,8.327389933139086,147.38993313908645
beautiful,8.59,8.6265,20.31251392327249,8.646812513923273,56.81251392327269
mist,9.01,9.10575,20.344452001154423,9.126094452001155,116.09445200115509
coming,9.29,9.42525,20.408496959134936,9.445658496959135,155.6584969591359
gradually,9.85,9.9045,21.410875022411346,9.925910875022412,75.91087502241223
into,10.04,10.224,20.223477156832814,10.244223477156833,204.22347715683387
the,10.14,10.38375,20.293389912694693,10.404043389912694,264.04338991269327
distance,10.76,10.70325,20.354426000267267,10.723604426000268,-36.39557399973192
then,0.96,0.9585,23.958735866472125,0.9824587358664721,22.45873586647218
last,1.57,1.5975,20.54803306236863,1.6180480330623686,48.04803306236849
here,1.94,2.2365,20.486408844590187,2.25698640884459,316.9864088445902
is,2.05,2.39625,20.594076020643115,2.4168440760206433,366.8440760206435
greek,3.71,4.1535,20.17698111012578,4.173676981110126,463.676981110126
school,4.09,4.1535,20.17698111012578,4.173676981110126,83.67698111012612
of,4.18,4.473,21.4249468408525,4.494424946840852,314.42494684085267
the,4.27,4.473,21.4249468408525,4.494424946840852,224.42494684085278
highest,4.67,4.7925,20.477229030802846,4.812977229030803,142.97722903080336
class,5.27,5.27175,22.52361597493291,5.294273615974933,24.27361597493327
and,6.42,6.54975,20.269825123250484,6.570019825123251,150.01982512325097
you,6.49,6.7095,20.272515015676618,6.729772515015677,239.77251501567665
define,6.9,7.18875,21.38374699279666,7.210133746992796,310.13374699279603
his,7.1,7.18875,21.38374699279666,7.210133746992796,110.13374699279677
art,7.35,7.50825,20.18748805858195,7.528437488058582,178.43748805858263
absolutely,8.11,7.9875,20.233758026733994,8.007733758026735,-102.26624197326473
as,8.86,9.10575,20.1815078034997,9.1259315078035,265.9315078035007
first,9.18,9.2655,20.16790001653135,9.28566790001653,105.66790001653104
the,9.3,9.585,20.266084000468254,9.605266084000469,305.26608400046837
displaying,9.96,10.06425,22.545175859704614,10.086795175859704,126.79517585970324
intensely,10.69,10.70325,22.440841887146235,10.725690841887147,35.69084188714733
and,11.12,11.34225,21.21286909095943,11.36346286909096,243.46286909096017
with,11.23,11.502,20.58977587148547,11.522589775871486,292.5897758714857
the,11.32,11.8215,23.79833091981709,11.845298330919817,525.2983309198171
sternest,11.87,11.98125,20.255217794328928,12.001505217794328,131.50521779432898
intellect,12.45,12.4605,21.31757908500731,12.481817579085007,31.817579085007708
of,13.04,13.0995,20.198703045025468,13.119698703045026,79.69870304502713
natural,13.47,13.419,20.248598884791136,13.439248598884792,-30.75140111520902
form,13.97,14.058,18.60767789185047,14.07660767789185,106.60767789184966
as,14.24,14.3775,20.232221111655235,14.397732221111655,157.73222111165452
it,14.32,14.53725,20.16619802452624,14.557416198024526,237.41619802452618
is,14.94,14.697,20.19349322654307,14.717193493226542,-222.80650677345727
and,15.83,16.13475,21.5951360296458,16.156345136029646,326.3451360296461
then,15.95,16.13475,21.5951360296458,16.156345136029646,206.34513602964688
the,16.06,16.2945,20.379434106871486,16.31487943410687,254.87943410687208
envelopment,16.7,16.77375,20.278278971090913,16.79402827897109,94.02827897109134
of,16.87,16.9335,20.22110903635621,16.953721109036355,83.72110903635388
it,17.06,17.09325,20.31665504910052,17.1135666550491,53.56665504910296
with,17.38,17.5725,20.379067165777087,17.59287906716578,212.87906716577965
cloud,17.84,18.05175,18.681870074942708,18.07043187007494,230.43187007494126
and,17.98,18.2115,20.30934509821236,18.231809345098213,251.80934509821284
fire,18.57,18.531,20.246806088835,18.551246806088834,-18.753193911166477
only,0.97,0.9585,26.242413092404604,0.9847424130924046,14.74241309240465
there,1.63,1.917,21.24812314286828,1.9382481231428683,308.24812314286845
are,1.7,2.07675,22.24313491024077,2.098993134910241,398.9931349102409
two,1.91,2.07675,22.24313491024077,2.098993134910241,188.99313491024094
sorts,2.22,2.39625,22.41358603350818,2.4186635860335084,198.6635860335082
of,2.3,2.39625,22.41358603350818,2.4186635860335084,118.66358603350858
cloud,2.59,2.8755,20.042717922478914,2.895542717922479,305.5427179224792
fire,3.25,3.195,23.2303598895669,3.2182303598895667,-31.76964011043326
he,0.64,0.79875,22.028740029782057,0.820778740029782,180.778740029782
knows,0.88,0.9585,22.635998902842402,0.9811359989028424,101.13599890284242
them,1.06,1.43775,21.276518004015088,1.4590265180040152,399.02651800401514
both,1.55,1.5975,21.36362507008016,1.61886362507008,68.86362507008003
there's,0.59,0.79875,26.615835027769208,0.8253658350277692,235.3658350277692
one,0.89,1.11825,23.70265801437199,1.141952658014372,251.95265801437193
and,0.99,1.278,25.55934013798833,1.3035593401379884,313.5593401379884
there's,1.15,1.43775,23.58457795344293,1.461334577953443,311.3345779534431
another,1.61,1.5975,20.380962174385786,1.6178809621743857,7.880962174385608
the,2.32,2.556,20.463244058191776,2.576463244058192,256.463244058192
dudley,2.99,3.03525,22.142151137813926,3.057392151137814,67.39215113781371
and,3.18,3.35475,22.789033129811287,3.3775390331298114,197.53903312981126
the,3.24,3.35475,22.789033129811287,3.3775390331298114,137.5390331298112
flint,3.76,3.834,21.74709108658135,3.8557470910865814,95.74709108658163
it,0.45,0.639,25.039629079401493,0.6640396290794015,214.0396290794015
is,0.61,0.79875,25.262902956455946,0.8240129029564559,214.01290295645592
only,0.84,0.9585,25.067585054785013,0.983567585054785,143.56758505478507
a,1.02,1.278,23.677875055000186,1.3016778750550002,281.6778750550002
pencil,1.72,2.07675,19.273881101980805,2.096023881101981,376.0238811019809
outline,2.27,2.39625,21.826433017849922,2.41807643301785,148.07643301785012
by,2.46,2.71575,20.48170892521739,2.7362317089252173,276.23170892521733
edward,2.8,2.8755,22.878352785483003,2.898378352785483,98.37835278548334
burne,3.08,3.35475,19.494498847052455,3.3742444988470526,294.2444988470525
jones,3.7,3.67425,20.437309984117746,3.6946873099841175,-5.312690015882637
illustration,4.79,4.7925,23.02356599830091,4.815523565998301,25.5235659983013
of,4.87,5.112,21.28034201450646,5.133280342014507,263.28034201450646
the,4.95,5.112,21.28034201450646,5.133280342014507,183.28034201450637
story,5.28,5.4315,20.554980030283332,5.452054980030283,172.05498003028285
of,5.38,5.59125,19.675289979204535,5.610925289979204,230.92528997920425
psyche,6.01,6.0705,19.750558072701097,6.090250558072701,80.25055807270132
it,7.23,7.50825,21.674113115295768,7.529924113115296,299.92411311529565
is,7.37,7.50825,21.674113115295768,7.529924113115296,159.92411311529597
the,7.48,7.668,19.956849049776793,7.687956849049777,207.9568490497765
introduction,8.03,8.14725,20.141747081652284,8.167391747081652,137.39174708165257
of,8.11,8.307,20.577233051881194,8.327577233051882,217.57723305188216
psyche,8.68,8.78625,21.898421924561262,8.808148421924562,128.14842192456234
after,9.02,9.10575,20.57559578679502,9.126325595786795,106.3255957867959
all,9.17,9.2655,19.8840769007802,9.28538407690078,115.38407690077968
her,9.3,9.585,19.734619883820415,9.604734619883821,304.7346198838205
troubles,9.85,9.9045,20.208447007462382,9.924708447007463,74.70844700746326
heaven,10.46,10.5435,20.669220946729183,10.564169220946729,104.1692209467282
every,0.65,0.79875,25.19241883419454,0.8239424188341945,173.94241883419448
plant,1.01,1.11825,26.689578080549836,1.1449395780805498,134.93957808054978
in,1.08,1.278,25.035708909854293,1.3030357089098543,223.03570890985424
the,1.17,1.43775,31.207707012072206,1.4689577070120723,298.9577070120724
is,1.73,1.917,19.553841091692448,1.9365538410916925,206.5538410916925
set,2.06,2.2365,19.470154074952006,2.255970154074952,195.9701540749519
formally,2.65,2.71575,19.68245394527912,2.735432453945279,85.4324539452791
grows,3.3,3.35475,20.520817954093218,3.3752708179540933,75.27081795409352
perfectly,4.0,3.99375,19.35009309090674,4.013100093090907,13.100093090907095
and,4.62,4.95225,21.813696948811412,4.974063696948812,354.0636969488116
may,4.73,4.95225,21.813696948811412,4.974063696948812,244.06369694881124
be,4.87,4.95225,21.813696948811412,4.974063696948812,104.06369694881157
completely,6.11,6.0705,20.417637890204787,6.090917637890205,-19.082362109795525
exquisite,1.05,1.278,24.650967912748456,1.3026509679127485,252.65096791274843
order,1.53,1.5975,17.433356028050184,1.61493335602805,84.93335602805007
and,1.82,1.917,18.884191988036036,1.935884191988036,115.88419198803601
with,2.75,2.8755,18.837264040485024,2.894337264040485,144.3372640404852
eternal,3.14,3.195,22.235041949898005,3.217235041949898,77.23504194989772
life,3.45,3.5145,19.155438989400864,3.533655438989401,83.65543898940064
and,3.57,3.834,19.06383689492941,3.8530638368949295,283.06383689492964
light,3.9,3.99375,18.88585090637207,4.012635850906372,112.63585090637251
this,4.78,4.95225,21.415723022073507,4.973665723022074,193.6657230220735
is,4.86,4.95225,21.415723022073507,4.973665723022074,113.66572302207345
the,4.97,5.112,20.385656040161848,5.132385656040162,162.3856560401622
faith,5.33,5.4315,20.268773194402456,5.451768773194402,121.76877319440216
effort,5.78,5.91075,18.94684205763042,5.929696842057631,149.69684205763033
of,5.9,6.0705,19.100254168733954,6.089600254168734,189.6002541687336
the,5.97,6.39,20.00959310680628,6.410009593106806,440.0095931068062
schools,6.38,6.54975,18.89685308560729,6.568646853085608,188.6468530856078
of,6.48,6.7095,18.98558996617794,6.728485589966178,248.48558996617777
and,8.15,8.46675,20.037173992022872,8.486787173992022,336.78717399202185
you,8.22,8.46675,20.037173992022872,8.486787173992022,266.78717399202156
may,8.36,8.6265,19.035561941564083,8.645535561941564,285.5355619415647
and,9.55,9.74475,18.955634906888008,9.763705634906888,213.7056349068871
complete,9.99,10.06425,18.80967803299427,10.083059678032994,93.05967803299353
their,10.13,10.38375,19.00791795924306,10.402757917959242,272.7579179592414
work,10.44,10.5435,18.94789794459939,10.5624478979446,122.44789794459976
quite,10.72,10.863,19.187903963029385,10.882187903963029,162.1879039630283
literally,11.35,11.34225,19.244781928136945,11.361494781928137,11.494781928137243
by,12.01,12.141,19.097819924354553,12.160097819924355,150.09781992435478
taking,12.38,12.4605,20.127774914726615,12.480627774914726,100.62777491472552
any,12.54,12.78,19.050634000450373,12.79905063400045,259.0506340004506
verses,12.96,13.0995,19.132216926664114,13.118632216926665,158.63221692666406
of,13.06,13.25925,18.79347302019596,13.278043473020196,218.04347302019522
chaucer,13.54,13.89825,19.09523899666965,13.91734523899667,377.34523899667136
his,13.87,14.058,18.80969596095383,14.076809695960954,206.80969596095446
tender,14.19,14.53725,17.40787597373128,14.554657875973732,364.657875973732
mood,14.63,14.697,20.447521936148405,14.717447521936148,87.4475219361468
and,15.3,15.6555,19.87677300348878,15.675376773003489,375.37677300348804
how,15.99,16.13475,19.544406095519662,16.15429440609552,164.29440609551983
he,16.11,16.2945,19.276564940810204,16.31377656494081,203.7765649408101
insists,16.69,16.77375,20.182071020826697,16.793932071020826,103.93207102082513
on,16.85,16.9335,20.19492001272738,16.953694920012726,103.69492001272462
the,16.95,17.09325,20.175438141450286,17.11342543814145,163.42543814145216
and,17.6,17.892,21.365043008700013,17.9133650430087,313.3650430086981
brightness,18.05,18.05175,19.98827885836363,18.071738278858362,21.738278858361326
first,18.59,18.531,18.905384931713343,18.549905384931712,-40.09461506828771
and,19.55,19.809,20.81339410506189,19.829813394105063,279.81339410506223
then,19.7,19.809,20.81339410506189,19.829813394105063,129.81339410506365
on,19.82,19.96875,19.686860032379627,19.98843686003238,168.43686003237934
the,19.93,20.1285,19.89108300767839,20.148391083007677,218.39108300767762
order,20.44,20.448,20.206348039209843,20.46820634803921,28.20634803920896
thus,0.96,0.9585,24.66746815480292,0.9831674681548029,23.16746815480297
in,1.39,1.75725,20.18544008024037,1.7774354400802403,387.4354400802404
chaucer's,1.87,2.07675,22.552017122507095,2.099302017122507,229.3020171225071
dream,2.41,2.39625,18.531457986682653,2.414781457986683,4.7814579866827245
